Timestamp,فيما يتعلق بتوقعاتي، أنا نحس أداء المجلس البلدي الحالي  مخيّب للآمال [‌‌],بعد الانتخابات الأخيرة، أنا في أغلب الأوقات نحس بخيبة أمل أكثر ملّي نحس برضا على أداء المجلس البلدي [‌‌],بصفة عامّة، أنا راضي(ة) على أداء المجلس البلدي الحالي [‌‌],فيما يتعلق بتوقعاتي،  نحس تعامل المجلس البلدي الحالي مع الفساد  مخيّب للآمال [‌‌],بعد الانتخابات الأخيرة، أنا في أغلب الأوقات نحس بخيبة أمل أكثر ملّي نحس برضا على أداء المجلس البلدي في التعامل مع الفساد [‌‌],بصفة عامة، أنا راضي(ة) على أداء المجلس البلدي الحالي في التعامل مع الفساد [‌‌],فيما يتعلق بتوقعاتي،  نحس تعامل المجلس البلدي الحالي مع البنية التّحتيّة و تطويرها مخيّب للآمال [‌‌],بعد الانتخابات الأخيرة، أنا في أغلب الأوقات نحسّ بخيبة أمل أكثر ملّي نحس برضا على أداء المجلس البلدي في التعامل مع البنية التّحتيّة وتطويرها [‌‌],بصفة عامة، أنا راضي(ة) على أداء المجلس البلدي الحالي في  التعامل مع البنية التّحتيّة وتطويرها [‌‌],فيما يتعلق بتوقعاتي،  نحس تعامل المجلس البلدي الحالي مع الشّفافيّة  مخيّب للآمال [‌‌],بعد الانتخابات الأخيرة، أنا في أغلب الأوقات نحسّ بخيبة أمل أكثر ملّي نحس برضا على أداء المجلس البلدي في التعامل مع الشّفافيّة [‌‌],بصفة عامة، أنا راضي(ة) على أداء المجلس البلدي الحالي في  التعامل مع الشّفافيّة [‌‌],ديما بش نختار مرشحي/مرشحتى و الا حزبي قبل المنافسين [‌‌],ديما بش نفضل افكار  مرشحي/مرشحتى و الا حزبي قبل المنافسين [‌‌],ديما بش نختار توجّهات  مرشحي/مرشحتى و الا حزبي قبل توجّهات  المنافسين [‌‌],ديما بش نصوّت لمرشحي/لمرشحتى و الا حزبي ضد المنافسين [‌‌],وقت اللي نختار المترشحين و القوائم المترشحة للإنتخبات نقول [‌‌],هل ترى انو  الأفراد و القوائم المترشحة للإنتخبات الكل كيف كيف ولا يفرقو على بعضهم؟  [‌‌],قداش يهمك انك تختار المترشح(ة) او القائمة المناسبة ؟ [‌‌],قداش يهمك تاثير خيارك على نتيجة الانتخابات البلدية ؟ [‌‌], حسب رايك، في شكون عندك الثقة إنو ينجم يحقق الشفافية: المجلس البلدي الحالي متاع منطقتك او مجلس بلدي جديد؟, حسب رايك،  في شكون عندك الثقة إنو ينجم يحسن البنية التحتية:   المجلس البلدي الحالي متاع منطقتك او مجلس بلدي جديد؟, حسب رايك، في شكون عندك الثقة  إنو ينجم يحارب  الفساد: المجلس البلدي الحالي متاع منطقتك او مجلس بلدي جديد؟,حسب رايك، في شكون عندك الثقة إنو ينجم يعطي احسن مردود: المجلس البلدي الحالي  او مجلس بلدي جديد؟,بالنسبة لي، الأخبار التلفزيونية مصدر مهم للمعلومات في الانتخابات البلدية [‌‌],بالنسبة لي،  الجرائد و المجلّات مصدر مهم للمعلومات بالنسبة للإنتخابات البلدية [‌‌],بالنسبة لي، الإنترنت مصدر مهم للمعلومات بالنسبة للإنتخابات البلدية [‌‌],بالنسبة لي، الدعاية السياسية هي مصدر مهم للمعلومات بالنسبة للإنتخابات البلدية [‌‌],بالنسبة لي، الناس الآخرين (الصحاب،العايلة الخ) هوما مصدر مهم للمعلومات بالنسبة للإنتخابات البلدية [‌‌],أنا واثق إني  باش نختار القائمة الانتخابية الصحيحة في الانتخابات البلدية الجاية [‌‌],عندي ثقة في قدرتي باش ناخذ القرار الصحيح كيف نختار لشكون باش نصوت في الانتخابات البلدية [‌‌],عندي ثقة في قدرتي باش نختار لشكون باش نصوت في الانتخابات البلدية [‌‌],قداش عمرك ؟,الجنس,شنوّة مستواك التّعليمي ؟,قدّاش الدخل الشّهري لعايلتك؟,ما هي حالتك الاجتماعية؟,في انا قطاع تخدم؟,شنوة اسم البلدية الي تسكن فيها,فيما يتعلق بتوقعاتي، أنا نحس أداء المجلس البلدي الحالي  مخيّب للآمال [Row 2]
27/12/2017 19:31:58,موافق برشا,موافق برشا,موافق,موافق,موافق,موافق,موافق,موافق,لا موافق لا مش موافق,موافق,موافق,لا موافق لا مش موافق,,,,,يهمني برشا شكون نختار,,يهمني شكون نختار,,مجلس بلدي جديد,مجلس بلدي جديد,مجلس بلدي جديد,مجلس بلدي جديد,موافق,مش موافق,موافق,لا موافق لا مش موافق,مش موافق,موافق,موافق,موافق,25-34,أنثى,الدراسات العليا,اكثر من 1200,عازب,باعث مشروع ، فلاح ، تاجر,,
27/12/2017 19:37:15,موافق,موافق,مش موافق بالكل,لا موافق لا مش موافق,موافق,لا موافق لا مش موافق,موافق,موافق,مش موافق,لا موافق لا مش موافق,لا موافق لا مش موافق,لا موافق لا مش موافق,,,,,يهمني برشا شكون نختار,,يهمني برشا شكون نختار,,مجلس بلدي جديد,مجلس بلدي جديد,مجلس بلدي جديد,مجلس بلدي جديد,موافق برشا,موافق,موافق,لا موافق لا مش موافق,موافق,موافق برشا,موافق برشا,موافق برشا,55-64,ذكر,ثانوي,اكثر من 1200,متزوج,في الدّار (أب أو أم),,
27/12/2017 20:20:01,موافق,موافق,مش موافق,موافق,موافق,مش موافق,مش موافق,مش موافق,موافق,موافق,موافق,مش موافق,,,,,يهمني شكون نختار,,يهمني برشا شكون نختار,,مجلس بلدي جديد,مجلس بلدي جديد,مجلس بلدي جديد,مجلس بلدي جديد,مش موافق,موافق,موافق,موافق,مش موافق,موافق,موافق,موافق,18-24,أنثى,الجامعي,اكثر من 1200,عازب,étudiant ,,
27/12/2017 20:25:34,موافق,موافق,مش موافق بالكل,لا موافق لا مش موافق,لا موافق لا مش موافق,لا موافق لا مش موافق,موافق,موافق,مش موافق,لا موافق لا مش موافق,لا موافق لا مش موافق,لا موافق لا مش موافق,,,,,يهمني شكون نختار,,يهمني شكون نختار,,مجلس بلدي جديد,مجلس بلدي جديد,مجلس بلدي جديد,مجلس بلدي جديد,موافق,مش موافق بالكل,لا موافق لا مش موافق,موافق برشا,موافق برشا,موافق,موافق,موافق,25-34,أنثى,الدراسات العليا,اكثر من 1200,عازب,موظف إداري,,
27/12/2017 20:33:56,لا موافق لا مش موافق,لا موافق لا مش موافق,موافق,لا موافق لا مش موافق,لا موافق لا مش موافق,لا موافق لا مش موافق,مش موافق,مش موافق,مش موافق,لا موافق لا مش موافق,لا موافق لا مش موافق,لا موافق لا مش موافق,,,,,يهمني برشا شكون نختار,,يهمني برشا شكون نختار,,مجلس بلدي جديد,مجلس بلدي جديد,مجلس بلدي جديد,مجلس بلدي جديد,موافق برشا,موافق,موافق,موافق,موافق برشا,موافق,موافق,موافق,45-54,أنثى,الجامعي,اكثر من 1200,متزوج,موظف إداري,,
28/12/2017 09:52:56,موافق(ة),موافق(ة),موافق(ة) برشا,موافق(ة),موافق(ة),مش موافق(ة) بالكل,موافق(ة),موافق(ة),مش موافق(ة) بالكل,موافق(ة),موافق(ة),مش موافق(ة),مش موافق(ة),مش موافق(ة) بالكل,مش موافق(ة),مش موافق(ة),يهمني شكون نختار,كيف كيف  مع شوية اختلاف,يهمني شكون نختار,يهمني برشا,مجلس بلدي جديد,مجلس بلدي جديد,مجلس بلدي جديد,مجلس بلدي جديد,موافق(ة),مش موافق(ة),موافق(ة),لا موافق(ة) لا مش موافق(ة),موافق(ة),موافق(ة),موافق(ة),موافق(ة),18-24,ذكر,الجامعي,اكثر من 1200,عازب,طالب(ة),,
28/12/2017 10:47:44,موافق(ة),موافق(ة),مش موافق(ة),لاموافق(ة) لا مش موافق(ة),لاموافق(ة) لا مش موافق(ة),لا موافق(ة) لا مش موافق(ة),موافق(ة),موافق(ة) برشا,مش موافق(ة) بالكل,مش موافق(ة),لاموافق(ة) لا مش موافق(ة),لا موافق(ة) لا مش موافق(ة),مش موافق(ة),مش موافق(ة),مش موافق(ة),مش موافق(ة),يهمني شكون نختار,مختلفين على بعضهم مع شوية تشابه,يهمني برشا شكون نختار,يهمني برشا,مجلس بلدي جديد,مجلس بلدي جديد,مجلس بلدي جديد,مجلس بلدي جديد,موافق(ة),موافق(ة),موافق(ة) برشا,موافق(ة) برشا,موافق(ة),مش موافق(ة),مانيش موافق(ة),مانيش موافق(ة),18-24,أنثى,الجامعي,اكثر من 1200,عازب(ة),طالب(ة),mourouj,
28/12/2017 10:56:04,موافق(ة),موافق(ة),لاموافق(ة) لا مش موافق(ة),موافق(ة) برشا,موافق(ة),مش موافق(ة) بالكل,لاٍموافق(ة) لا مش موافق(ة),لاموافق(ة) لا مش موافق(ة),لاموافق(ة) لا مش موافق(ة),موافق(ة),موافق(ة),مش موافق(ة),مش موافق(ة),مش موافق(ة),مش موافق(ة),مش موافق(ة),يهمني شكون نختار,مختلفين على بعضهم مع شوية تشابه,يهمني برشا شكون نختار,يهمني برشا,مجلس بلدي جديد,,مجلس بلدي جديد,مجلس بلدي جديد,موافق(ة),موافق(ة) برشا,موافق(ة),مش موافق(ة),موافق(ة),لاموافق(ة) لا مش موافق(ة),موافق(ة),موافق(ة),18-24,أنثى,الجامعي,اكثر من 1200,عازب(ة),طالب(ة),dar chaaben,
28/12/2017 10:56:30,موافق(ة) برشا,موافق(ة) برشا,مش موافق(ة),موافق(ة) برشا,موافق(ة) برشا,موافق(ة) برشا,,,,موافق(ة) برشا,موافق(ة) برشا,موافق(ة) برشا,لا موافق(ة) لا مش موافق(ة),مش موافق(ة),مش موافق(ة),مش موافق(ة),يهمني برشا شكون نختار,كيف كيف  مع شوية اختلاف,يهمني برشا شكون نختار,يهمني برشا,مجلس بلدي جديد,مجلس بلدي جديد,مجلس بلدي جديد,مجلس بلدي جديد,لاموافق(ة) لا مش موافق(ة),لا موافق(ة) لا مش موافق(ة),موافق(ة) برشا,مش موافق(ة),لاموافق(ة) لا مش موافق(ة),موافق(ة),موافق(ة) برشا,موافق(ة) برشا,18-24,أنثى,الجامعي,اكثر من 1200,عازب(ة),موظف(ة) إداري(ة),,
28/12/2017 10:57:53,موافق(ة),موافق(ة),مش موافق(ة),موافق(ة),موافق(ة),مش موافق(ة),موافق(ة),موافق(ة),مش موافق(ة),موافق(ة),موافق(ة),مش موافق(ة),لا موافق(ة) لا مش موافق(ة),موافق(ة),مش موافق(ة),مش موافق(ة),لا يهمني لا ميهمنيش شكون نختار,ما عنديش راى,لا يهمني لا ميهمنيش شكون نختار,يهمني,مجلس بلدي جديد,مجلس بلدي جديد,مجلس بلدي جديد,مجلس بلدي جديد,مش موافق(ة),مش موافق(ة),موافق(ة),مش موافق(ة),مش موافق(ة),مش موافق(ة),موافق(ة),موافق(ة),18-24,أنثى,الجامعي,اكثر من 1200,عازب(ة),موظف(ة) إداري(ة),tunis,
28/12/2017 10:58:34,موافق(ة) برشا,موافق(ة),مش موافق(ة) بالكل,موافق(ة),موافق(ة),مش موافق(ة) بالكل,موافق(ة),موافق(ة),مش موافق(ة),موافق(ة),موافق(ة),مش موافق(ة),لا موافق(ة) لا مش موافق(ة),موافق(ة),لاٍموافق(ة) لا مش موافق(ة),موافق(ة),يهمني شكون نختار,كيف كيف,يهمني شكون نختار,يهمني,مجلس بلدي جديد,مجلس بلدي جديد,مجلس بلدي جديد,مجلس بلدي جديد,موافق(ة),لا موافق(ة) لا مش موافق(ة),موافق(ة),لا موافق(ة) لا مش موافق(ة),لاموافق(ة) لا مش موافق(ة),موافق(ة),موافق(ة),موافق(ة),18-24,أنثى,الجامعي,اكثر من 1200,عازب(ة),موظف(ة) إداري(ة),hammamlif,
28/12/2017 10:58:42,موافق(ة),موافق(ة) برشا,لاموافق(ة) لا مش موافق(ة),موافق(ة) برشا,موافق(ة) برشا,لا موافق(ة) لا مش موافق(ة),موافق(ة),موافق(ة),لاموافق(ة) لا مش موافق(ة),موافق(ة),موافق(ة),لا موافق(ة) لا مش موافق(ة),موافق(ة),موافق(ة),موافق(ة),موافق(ة),يهمني شكون نختار,كيف كيف,يهمني شكون نختار,مايهمنيش جملة,مجلس بلدي جديد,مجلس بلدي جديد,مجلس بلدي جديد,مجلس بلدي جديد,مش موافق(ة),مش موافق(ة) بالكل,موافق(ة),موافق(ة),مش موافق(ة) بالكل,مش موافق(ة) بالكل,مانيش موافق(ة),مانيش موافق(ة),18-24,أنثى,الجامعي,بين 600 و1200,عازب(ة),طالب(ة),grombalia,
28/12/2017 11:02:44,موافق(ة),موافق(ة),مش موافق(ة),موافق(ة),موافق(ة),مش موافق(ة),موافق(ة),موافق(ة),مش موافق(ة),موافق(ة),موافق(ة),مش موافق(ة),موافق(ة),موافق(ة),موافق(ة),مش موافق(ة),يهمني شكون نختار,مختلفين على بعضهم مع شوية تشابه,يهمني شكون نختار,يهمني,مجلس بلدي جديد,مجلس بلدي جديد,مجلس بلدي جديد,مجلس بلدي جديد,مش موافق(ة),لا موافق(ة) لا مش موافق(ة),لاموافق(ة) لا مش موافق(ة),لا موافق(ة) لا مش موافق(ة),لاموافق(ة) لا مش موافق(ة),لاموافق(ة) لا مش موافق(ة),لا موافق(ة) لا مش موافق(ة),لا موافق(ة) لا مش موافق(ة),18-24,أنثى,الدراسات العليا,بين 600 و1200,عازب(ة),موظف(ة) إداري(ة),bizerte,
28/12/2017 11:05:11,لاموافق(ة) لا مش موافق(ة),موافق(ة),لاموافق(ة) لا مش موافق(ة),لاموافق(ة) لا مش موافق(ة),لاموافق(ة) لا مش موافق(ة),لا موافق(ة) لا مش موافق(ة),موافق(ة),موافق(ة),لاموافق(ة) لا مش موافق(ة),لا موافق(ة) لا مش موافق(ة),لاموافق(ة) لا مش موافق(ة),لا موافق(ة) لا مش موافق(ة),لا موافق(ة) لا مش موافق(ة),موافق(ة),لاٍموافق(ة) لا مش موافق(ة),موافق(ة),يهمني برشا شكون نختار,مختلفين على بعضهم,يهمني برشا شكون نختار,يهمني برشا,مجلس بلدي جديد,مجلس بلدي جديد,مجلس بلدي جديد,مجلس بلدي جديد,مش موافق(ة),لا موافق(ة) لا مش موافق(ة),موافق(ة),لا موافق(ة) لا مش موافق(ة),موافق(ة) برشا,موافق(ة),موافق(ة),موافق(ة),18-24,أنثى,الجامعي,اكثر من 1200,عازب(ة),طالب(ة),bizerte,
28/12/2017 11:06:24,موافق(ة),موافق(ة),مش موافق(ة),موافق(ة),موافق(ة),مش موافق(ة),موافق(ة),موافق(ة),مش موافق(ة),موافق(ة),موافق(ة),مش موافق(ة),موافق(ة) برشا,موافق(ة),موافق(ة),موافق(ة),يهمني برشا شكون نختار,مختلفين على بعضهم مع شوية تشابه,يهمني شكون نختار,يهمني,مجلس بلدي جديد,مجلس بلدي جديد,مجلس بلدي جديد,مجلس بلدي جديد,موافق(ة),لا موافق(ة) لا مش موافق(ة),لاموافق(ة) لا مش موافق(ة),مش موافق(ة),مش موافق(ة) بالكل,موافق(ة),موافق(ة),موافق(ة),25-34,أنثى,الدراسات العليا,اكثر من 1200,عازب(ة),موظف(ة) إداري(ة),raoued,
28/12/2017 11:07:30,موافق(ة) برشا,موافق(ة) برشا,مش موافق(ة),موافق(ة) برشا,موافق(ة) برشا,لا موافق(ة) لا مش موافق(ة),موافق(ة) برشا,موافق(ة) برشا,لاموافق(ة) لا مش موافق(ة),موافق(ة) برشا,موافق(ة) برشا,لا موافق(ة) لا مش موافق(ة),لا موافق(ة) لا مش موافق(ة),لاٍموافق(ة) لا مش موافق(ة),لاٍموافق(ة) لا مش موافق(ة),لا موافق(ة) لا مش موافق(ة),يهمني برشا شكون نختار,مختلفين على بعضهم,يهمني برشا شكون نختار,يهمني,مجلس بلدي جديد,مجلس بلدي جديد,مجلس بلدي جديد,مجلس بلدي جديد,لاموافق(ة) لا مش موافق(ة),لا موافق(ة) لا مش موافق(ة),لاموافق(ة) لا مش موافق(ة),لا موافق(ة) لا مش موافق(ة),لاموافق(ة) لا مش موافق(ة),موافق(ة),موافق(ة) برشا,موافق(ة) برشا,18-24,أنثى,الجامعي,اكثر من 1200,عازب(ة),طالب(ة),mseken,
28/12/2017 11:11:26,موافق(ة),موافق(ة),مش موافق(ة),لاموافق(ة) لا مش موافق(ة),لاموافق(ة) لا مش موافق(ة),لا موافق(ة) لا مش موافق(ة),موافق(ة) برشا,موافق(ة),مش موافق(ة),موافق(ة),لاموافق(ة) لا مش موافق(ة),مش موافق(ة),موافق(ة),موافق(ة),موافق(ة),موافق(ة),يهمني برشا شكون نختار,مختلفين على بعضهم مع شوية تشابه,يهمني برشا شكون نختار,يهمني,مجلس بلدي جديد,مجلس بلدي جديد,مجلس بلدي جديد,مجلس بلدي جديد,موافق(ة),لا موافق(ة) لا مش موافق(ة),موافق(ة) برشا,موافق(ة),موافق(ة),موافق(ة),موافق(ة),موافق(ة),18-24,أنثى,الجامعي,اكثر من 1200,عازب(ة),طالب(ة),beni khiar ,
28/12/2017 11:11:46,لاموافق(ة) لا مش موافق(ة),لاموافق(ة) لا مش موافق(ة),لاموافق(ة) لا مش موافق(ة),موافق(ة),موافق(ة),موافق(ة),موافق(ة) برشا,موافق(ة) برشا,مش موافق(ة) بالكل,موافق(ة),موافق(ة),موافق(ة),موافق(ة),موافق(ة),موافق(ة),لا موافق(ة) لا مش موافق(ة),لا يهمني لا ميهمنيش شكون نختار,كيف كيف  مع شوية اختلاف,لا يهمني لا ميهمنيش شكون نختار,لا يهمني لا ميهمنيش,مجلس بلدي جديد,مجلس بلدي جديد,مجلس بلدي جديد,مجلس بلدي جديد,موافق(ة),موافق(ة),موافق(ة),مش موافق(ة),مش موافق(ة),لاموافق(ة) لا مش موافق(ة),لا موافق(ة) لا مش موافق(ة),لا موافق(ة) لا مش موافق(ة),18-24,أنثى,الجامعي,بين 600 و1200,عازب(ة),باعث(ة) مشروع ، فلاح(ة) ، تاجر(ة),grombalia,
28/12/2017 11:13:31,موافق(ة) برشا,موافق(ة) برشا,مش موافق(ة) بالكل,موافق(ة) برشا,موافق(ة) برشا,مش موافق(ة) بالكل,موافق(ة) برشا,موافق(ة) برشا,مش موافق(ة) بالكل,موافق(ة) برشا,موافق(ة) برشا,مش موافق(ة) بالكل,موافق(ة) برشا,موافق(ة) برشا,موافق(ة) برشا,موافق(ة) برشا,يهمني برشا شكون نختار,كيف كيف  مع شوية اختلاف,يهمني برشا شكون نختار,يهمني برشا,مجلس بلدي جديد,مجلس بلدي جديد,مجلس بلدي جديد,مجلس بلدي جديد,موافق(ة) برشا,موافق(ة),مش موافق(ة) بالكل,لا موافق(ة) لا مش موافق(ة),لاموافق(ة) لا مش موافق(ة),موافق(ة),موافق(ة),موافق(ة),55-64,ذكر,ثانوي,اكثر من 1200,متزوج(ة),متقاعد(ة),raoued,
28/12/2017 11:13:36,موافق(ة) برشا,موافق(ة),موافق(ة) برشا,موافق(ة),موافق(ة) برشا,لا موافق(ة) لا مش موافق(ة),موافق(ة) برشا,موافق(ة) برشا,لاموافق(ة) لا مش موافق(ة),موافق(ة) برشا,موافق(ة),لا موافق(ة) لا مش موافق(ة),موافق(ة),موافق(ة),موافق(ة),موافق(ة),يهمني برشا شكون نختار,ما عنديش راى,يهمني برشا شكون نختار,يهمني برشا,مجلس بلدي جديد,مجلس بلدي جديد,مجلس بلدي جديد,المجلس البلدي الحالي,موافق(ة) برشا,موافق(ة) برشا,موافق(ة) برشا,موافق(ة) برشا,موافق(ة),موافق(ة) برشا,لا موافق(ة) لا مش موافق(ة),لا موافق(ة) لا مش موافق(ة),25-34,أنثى,الجامعي,بين 600 و1200,عازب(ة),موظف(ة) إداري(ة),mourouj,
28/12/2017 11:16:15,موافق(ة) برشا,موافق(ة) برشا,مش موافق(ة) بالكل,موافق(ة) برشا,موافق(ة) برشا,مش موافق(ة) بالكل,موافق(ة) برشا,موافق(ة) برشا,موافق(ة),موافق(ة) برشا,موافق(ة) برشا,مش موافق(ة) بالكل,لا موافق(ة) لا مش موافق(ة),لاٍموافق(ة) لا مش موافق(ة),لاٍموافق(ة) لا مش موافق(ة),لا موافق(ة) لا مش موافق(ة),يهمني برشا شكون نختار,مختلفين على بعضهم,يهمني برشا شكون نختار,يهمني برشا,مجلس بلدي جديد,مجلس بلدي جديد,مجلس بلدي جديد,مجلس بلدي جديد,موافق(ة),لا موافق(ة) لا مش موافق(ة),موافق(ة),موافق(ة) برشا,لاموافق(ة) لا مش موافق(ة),لاموافق(ة) لا مش موافق(ة),موافق(ة),موافق(ة),18-24,أنثى,الجامعي,اكثر من 1200,عازب(ة),طالب(ة),tunis,
28/12/2017 11:17:57,موافق(ة) برشا,موافق(ة) برشا,مش موافق(ة) بالكل,موافق(ة) برشا,موافق(ة) برشا,مش موافق(ة) بالكل,لاٍموافق(ة) لا مش موافق(ة),موافق(ة),موافق(ة),موافق(ة),موافق(ة),لا موافق(ة) لا مش موافق(ة),موافق(ة) برشا,موافق(ة) برشا,موافق(ة) برشا,موافق(ة) برشا,يهمني برشا شكون نختار,مختلفين على بعضهم مع شوية تشابه,يهمني برشا شكون نختار,يهمني برشا,مجلس بلدي جديد,مجلس بلدي جديد,مجلس بلدي جديد,مجلس بلدي جديد,موافق(ة),موافق(ة),مش موافق(ة),موافق(ة),موافق(ة),لاموافق(ة) لا مش موافق(ة),لا موافق(ة) لا مش موافق(ة),لا موافق(ة) لا مش موافق(ة),أكثر من 64,ذكر,ثانوي,اكثر من 1200,متزوج(ة),متقاعد(ة),bardo,
28/12/2017 11:18:43,موافق(ة) برشا,موافق(ة),لاموافق(ة) لا مش موافق(ة),موافق(ة),موافق(ة),مش موافق(ة),موافق(ة),موافق(ة),مش موافق(ة),موافق(ة),موافق(ة),مش موافق(ة),مش موافق(ة),مش موافق(ة),مش موافق(ة),مش موافق(ة),لا يهمني لا ميهمنيش شكون نختار,كيف كيف,يهمني شكون نختار,مايهمنيش,مجلس بلدي جديد,مجلس بلدي جديد,مجلس بلدي جديد,مجلس بلدي جديد,مش موافق(ة),لا موافق(ة) لا مش موافق(ة),موافق(ة),مش موافق(ة),مش موافق(ة),لاموافق(ة) لا مش موافق(ة),لا موافق(ة) لا مش موافق(ة),لا موافق(ة) لا مش موافق(ة),25-34,ذكر,الدراسات العليا,اكثر من 1200,عازب(ة),مسؤول(ة),kabaria,
28/12/2017 11:19:08,لاموافق(ة) لا مش موافق(ة),موافق(ة),مش موافق(ة),لاموافق(ة) لا مش موافق(ة),لاموافق(ة) لا مش موافق(ة),لا موافق(ة) لا مش موافق(ة),موافق(ة) برشا,موافق(ة),مش موافق(ة) بالكل,موافق(ة),موافق(ة),لا موافق(ة) لا مش موافق(ة),موافق(ة),موافق(ة),موافق(ة),لا موافق(ة) لا مش موافق(ة),يهمني شكون نختار,مختلفين على بعضهم مع شوية تشابه,يهمني شكون نختار,يهمني,مجلس بلدي جديد,مجلس بلدي جديد,مجلس بلدي جديد,مجلس بلدي جديد,لاموافق(ة) لا مش موافق(ة),مش موافق(ة) بالكل,موافق(ة) برشا,لا موافق(ة) لا مش موافق(ة),موافق(ة),موافق(ة),لا موافق(ة) لا مش موافق(ة),لا موافق(ة) لا مش موافق(ة),18-24,أنثى,الجامعي,اكثر من 1200,عازب(ة),طالب(ة),sfax,
28/12/2017 11:19:15,موافق(ة),موافق(ة),مش موافق(ة),موافق(ة),موافق(ة),مش موافق(ة) بالكل,موافق(ة),موافق(ة),موافق(ة),موافق(ة),موافق(ة),مش موافق(ة),موافق(ة),لاٍموافق(ة) لا مش موافق(ة),موافق(ة),موافق(ة),لا يهمني لا ميهمنيش شكون نختار,كيف كيف,مايهمنيش جملة شكون نختار,مايهمنيش جملة,مجلس بلدي جديد,مجلس بلدي جديد,مجلس بلدي جديد,مجلس بلدي جديد,مش موافق(ة),موافق(ة),موافق(ة),موافق(ة),موافق(ة),موافق(ة),موافق(ة),موافق(ة),25-34,ذكر,الدراسات العليا,اكثر من 1200,عازب(ة),موظف(ة) إداري(ة),kram ,
28/12/2017 11:20:22,موافق(ة),موافق(ة),مش موافق(ة),موافق(ة),موافق(ة),مش موافق(ة) بالكل,موافق(ة) برشا,موافق(ة) برشا,مش موافق(ة) بالكل,موافق(ة),موافق(ة),مش موافق(ة) بالكل,لا موافق(ة) لا مش موافق(ة),موافق(ة),مش موافق(ة),لا موافق(ة) لا مش موافق(ة),يهمني شكون نختار,كيف كيف,لا يهمني لا ميهمنيش شكون نختار,مايهمنيش,مجلس بلدي جديد,مجلس بلدي جديد,مجلس بلدي جديد,مجلس بلدي جديد,مش موافق(ة),مش موافق(ة),موافق(ة),مش موافق(ة),مش موافق(ة),مش موافق(ة),مانيش موافق(ة),موافق(ة),18-24,أنثى,الجامعي,اكثر من 1200,عازب(ة),طالب(ة),marsa,
28/12/2017 11:21:20,موافق(ة),موافق(ة),مش موافق(ة),موافق(ة),موافق(ة),لا موافق(ة) لا مش موافق(ة),موافق(ة) برشا,موافق(ة) برشا,مش موافق(ة),موافق(ة),موافق(ة),مش موافق(ة),موافق(ة),موافق(ة),موافق(ة),موافق(ة),يهمني شكون نختار,كيف كيف  مع شوية اختلاف,يهمني شكون نختار,يهمني,مجلس بلدي جديد,مجلس بلدي جديد,مجلس بلدي جديد,مجلس بلدي جديد,موافق(ة),موافق(ة),موافق(ة),موافق(ة),موافق(ة),موافق(ة),موافق(ة),موافق(ة),18-24,أنثى,الدراسات العليا,اكثر من 1200,عازب(ة),طالب(ة),ben arous,
28/12/2017 11:21:45,لاموافق(ة) لا مش موافق(ة),لاموافق(ة) لا مش موافق(ة),لاموافق(ة) لا مش موافق(ة),لاموافق(ة) لا مش موافق(ة),لاموافق(ة) لا مش موافق(ة),لا موافق(ة) لا مش موافق(ة),موافق(ة),موافق(ة),مش موافق(ة),موافق(ة),موافق(ة),مش موافق(ة),لا موافق(ة) لا مش موافق(ة),لاٍموافق(ة) لا مش موافق(ة),لاٍموافق(ة) لا مش موافق(ة),لا موافق(ة) لا مش موافق(ة),يهمني شكون نختار,مختلفين على بعضهم مع شوية تشابه,يهمني شكون نختار,يهمني,مجلس بلدي جديد,مجلس بلدي جديد,مجلس بلدي جديد,مجلس بلدي جديد,مش موافق(ة) بالكل,مش موافق(ة) بالكل,موافق(ة) برشا,موافق(ة) برشا,موافق(ة) برشا,لاموافق(ة) لا مش موافق(ة),لا موافق(ة) لا مش موافق(ة),لا موافق(ة) لا مش موافق(ة),18-24,ذكر,الجامعي,اكثر من 1200,عازب(ة),طالب(ة),kram ,
28/12/2017 11:23:07,لاموافق(ة) لا مش موافق(ة),مش موافق(ة) بالكل,مش موافق(ة),موافق(ة),موافق(ة),مش موافق(ة),مش موافق(ة),مش موافق(ة),موافق(ة),موافق(ة),مش موافق(ة),مش موافق(ة),مش موافق(ة),موافق(ة),موافق(ة),لا موافق(ة) لا مش موافق(ة),مايهمنيش جملة شكون نختار,كيف كيف,مايهمنيش جملة شكون نختار,مايهمنيش جملة,مجلس بلدي جديد,مجلس بلدي جديد,مجلس بلدي جديد,مجلس بلدي جديد,مش موافق(ة) بالكل,مش موافق(ة) بالكل,موافق(ة),مش موافق(ة) بالكل,موافق(ة),لاموافق(ة) لا مش موافق(ة),لا موافق(ة) لا مش موافق(ة),لا موافق(ة) لا مش موافق(ة),25-34,ذكر,الدراسات العليا,اكثر من 1200,عازب(ة),موظف(ة) إداري(ة),boumhal,
28/12/2017 11:23:10,موافق(ة) برشا,موافق(ة),مش موافق(ة),موافق(ة) برشا,موافق(ة) برشا,مش موافق(ة) بالكل,موافق(ة),موافق(ة),مش موافق(ة),موافق(ة) برشا,موافق(ة) برشا,مش موافق(ة) بالكل,لا موافق(ة) لا مش موافق(ة),مش موافق(ة),مش موافق(ة),مش موافق(ة),يهمني برشا شكون نختار,مختلفين على بعضهم,يهمني برشا شكون نختار,يهمني برشا,مجلس بلدي جديد,مجلس بلدي جديد,مجلس بلدي جديد,مجلس بلدي جديد,مش موافق(ة),مش موافق(ة),موافق(ة),موافق(ة),موافق(ة),موافق(ة),موافق(ة),موافق(ة) برشا,18-24,ذكر,الجامعي,اكثر من 1200,عازب(ة),طالب(ة),soliman,
28/12/2017 11:24:34,موافق(ة),موافق(ة),لاموافق(ة) لا مش موافق(ة),لاموافق(ة) لا مش موافق(ة),لاموافق(ة) لا مش موافق(ة),موافق(ة),موافق(ة) برشا,موافق(ة) برشا,لاموافق(ة) لا مش موافق(ة),موافق(ة),موافق(ة),لا موافق(ة) لا مش موافق(ة),لا موافق(ة) لا مش موافق(ة),مش موافق(ة) بالكل,مش موافق(ة) بالكل,مش موافق(ة) بالكل,يهمني شكون نختار,ما عنديش راى,يهمني برشا شكون نختار,يهمني برشا,مجلس بلدي جديد,مجلس بلدي جديد,مجلس بلدي جديد,مجلس بلدي جديد,مش موافق(ة),لا موافق(ة) لا مش موافق(ة),موافق(ة),موافق(ة),لاموافق(ة) لا مش موافق(ة),لاموافق(ة) لا مش موافق(ة),موافق(ة),موافق(ة),18-24,أنثى,الجامعي,اكثر من 1200,عازب(ة),موظف(ة) إداري(ة),raoued,
28/12/2017 11:24:55,موافق(ة) برشا,موافق(ة),مش موافق(ة) بالكل,موافق(ة),لاموافق(ة) لا مش موافق(ة),مش موافق(ة),موافق(ة) برشا,موافق(ة),مش موافق(ة) بالكل,موافق(ة),موافق(ة),مش موافق(ة),موافق(ة),موافق(ة),لاٍموافق(ة) لا مش موافق(ة),مش موافق(ة),يهمني شكون نختار,مختلفين على بعضهم مع شوية تشابه,يهمني شكون نختار,يهمني,مجلس بلدي جديد,مجلس بلدي جديد,مجلس بلدي جديد,مجلس بلدي جديد,موافق(ة),موافق(ة),مش موافق(ة),موافق(ة),مش موافق(ة),لاموافق(ة) لا مش موافق(ة),موافق(ة),موافق(ة),18-24,أنثى,الجامعي,اكثر من 1200,عازب(ة),طالب(ة),bizerte,
28/12/2017 11:27:36,موافق(ة) برشا,موافق(ة) برشا,مش موافق(ة) بالكل,موافق(ة),موافق(ة),مش موافق(ة),موافق(ة) برشا,موافق(ة) برشا,مش موافق(ة) بالكل,لا موافق(ة) لا مش موافق(ة),لاموافق(ة) لا مش موافق(ة),لا موافق(ة) لا مش موافق(ة),موافق(ة),موافق(ة),موافق(ة),موافق(ة),يهمني برشا شكون نختار,كيف كيف,يهمني برشا شكون نختار,يهمني برشا,مجلس بلدي جديد,مجلس بلدي جديد,مجلس بلدي جديد,مجلس بلدي جديد,موافق(ة),مش موافق(ة) بالكل,موافق(ة),موافق(ة),مش موافق(ة) بالكل,لاموافق(ة) لا مش موافق(ة),لا موافق(ة) لا مش موافق(ة),لا موافق(ة) لا مش موافق(ة),18-24,أنثى,الجامعي,اكثر من 1200,عازب(ة),طالب(ة),raoued,
28/12/2017 11:27:54,موافق(ة) برشا,موافق(ة) برشا,مش موافق(ة) بالكل,موافق(ة) برشا,موافق(ة) برشا,مش موافق(ة) بالكل,موافق(ة) برشا,موافق(ة) برشا,مش موافق(ة) بالكل,موافق(ة) برشا,موافق(ة) برشا,مش موافق(ة) بالكل,لا موافق(ة) لا مش موافق(ة),لاٍموافق(ة) لا مش موافق(ة),لاٍموافق(ة) لا مش موافق(ة),لا موافق(ة) لا مش موافق(ة),مايهمنيش جملة شكون نختار,كيف كيف,مايهمنيش جملة شكون نختار,يهمني برشا,مجلس بلدي جديد,مجلس بلدي جديد,مجلس بلدي جديد,مجلس بلدي جديد,مش موافق(ة) بالكل,مش موافق(ة) بالكل,مش موافق(ة) بالكل,مش موافق(ة) بالكل,مش موافق(ة) بالكل,مش موافق(ة) بالكل,موافق(ة) برشا,موافق(ة) برشا,25-34,ذكر,الدراسات العليا,اكثر من 1200,عازب(ة),موظف(ة) إداري(ة),kalaa sghira,
28/12/2017 11:31:09,موافق(ة),موافق(ة),مش موافق(ة),موافق(ة),موافق(ة),مش موافق(ة),موافق(ة),موافق(ة) برشا,مش موافق(ة),موافق(ة),موافق(ة),مش موافق(ة),مش موافق(ة),مش موافق(ة),مش موافق(ة),مش موافق(ة),يهمني شكون نختار,مختلفين على بعضهم مع شوية تشابه,يهمني برشا شكون نختار,يهمني برشا,مجلس بلدي جديد,مجلس بلدي جديد,مجلس بلدي جديد,مجلس بلدي جديد,مش موافق(ة),مش موافق(ة),موافق(ة),مش موافق(ة),مش موافق(ة),لاموافق(ة) لا مش موافق(ة),موافق(ة),موافق(ة),18-24,أنثى,الجامعي,اكثر من 1200,عازب(ة),طالب(ة),bellevue,
28/12/2017 11:31:51,موافق(ة),لاموافق(ة) لا مش موافق(ة),لاموافق(ة) لا مش موافق(ة),موافق(ة),لاموافق(ة) لا مش موافق(ة),موافق(ة),موافق(ة),لاموافق(ة) لا مش موافق(ة),موافق(ة),لا موافق(ة) لا مش موافق(ة),لاموافق(ة) لا مش موافق(ة),موافق(ة),موافق(ة) برشا,لاٍموافق(ة) لا مش موافق(ة),لاٍموافق(ة) لا مش موافق(ة),موافق(ة) برشا,يهمني برشا شكون نختار,مختلفين على بعضهم,يهمني برشا شكون نختار,يهمني برشا,مجلس بلدي جديد,مجلس بلدي جديد,مجلس بلدي جديد,مجلس بلدي جديد,مش موافق(ة),لا موافق(ة) لا مش موافق(ة),موافق(ة),مش موافق(ة) بالكل,موافق(ة),موافق(ة) برشا,موافق(ة) برشا,موافق(ة) برشا,18-24,أنثى,الدراسات العليا,اكثر من 1200,عازب(ة),متقاعد(ة),soliman,
28/12/2017 11:33:56,موافق(ة),لاموافق(ة) لا مش موافق(ة),مش موافق(ة),مش موافق(ة),مش موافق(ة),موافق(ة),موافق(ة),موافق(ة),مش موافق(ة),موافق(ة),موافق(ة),مش موافق(ة),مش موافق(ة),مش موافق(ة),مش موافق(ة),مش موافق(ة),يهمني برشا شكون نختار,كيف كيف,يهمني شكون نختار,يهمني,مجلس بلدي جديد,مجلس بلدي جديد,مجلس بلدي جديد,مجلس بلدي جديد,لاموافق(ة) لا مش موافق(ة),مش موافق(ة),موافق(ة) برشا,لا موافق(ة) لا مش موافق(ة),لاموافق(ة) لا مش موافق(ة),لاموافق(ة) لا مش موافق(ة),موافق(ة),موافق(ة),18-24,ذكر,الجامعي,اكثر من 1200,عازب(ة),طالب(ة),kabaria,
28/12/2017 11:34:53,موافق(ة),موافق(ة),مش موافق(ة),موافق(ة) برشا,موافق(ة),مش موافق(ة),موافق(ة),لاموافق(ة) لا مش موافق(ة),مش موافق(ة),موافق(ة),موافق(ة),مش موافق(ة),لا موافق(ة) لا مش موافق(ة),لاٍموافق(ة) لا مش موافق(ة),لاٍموافق(ة) لا مش موافق(ة),موافق(ة),يهمني برشا شكون نختار,مختلفين على بعضهم,يهمني برشا شكون نختار,يهمني برشا,مجلس بلدي جديد,مجلس بلدي جديد,مجلس بلدي جديد,مجلس بلدي جديد,موافق(ة),موافق(ة),موافق(ة),لا موافق(ة) لا مش موافق(ة),لاموافق(ة) لا مش موافق(ة),موافق(ة) برشا,موافق(ة) برشا,موافق(ة) برشا,18-24,ذكر,الجامعي,اكثر من 1200,عازب(ة),طالب(ة),ksar hlel,
28/12/2017 11:36:57,موافق(ة) برشا,موافق(ة) برشا,مش موافق(ة) بالكل,موافق(ة) برشا,موافق(ة) برشا,مش موافق(ة) بالكل,موافق(ة),موافق(ة) برشا,مش موافق(ة) بالكل,مش موافق(ة),موافق(ة) برشا,مش موافق(ة) بالكل,مش موافق(ة) بالكل,مش موافق(ة),لاٍموافق(ة) لا مش موافق(ة),موافق(ة),يهمني برشا شكون نختار,مختلفين على بعضهم مع شوية تشابه,يهمني برشا شكون نختار,يهمني برشا,مجلس بلدي جديد,مجلس بلدي جديد,مجلس بلدي جديد,مجلس بلدي جديد,مش موافق(ة) بالكل,مش موافق(ة) بالكل,مش موافق(ة) بالكل,مش موافق(ة) بالكل,موافق(ة) برشا,موافق(ة),موافق(ة),موافق(ة),18-24,ذكر,الجامعي,بين 600 و1200,عازب(ة),موظف(ة) إداري(ة),gabes medina,
28/12/2017 11:37:10,موافق(ة),موافق(ة),لاموافق(ة) لا مش موافق(ة),لاموافق(ة) لا مش موافق(ة),موافق(ة),لا موافق(ة) لا مش موافق(ة),موافق(ة) برشا,موافق(ة) برشا,مش موافق(ة),لا موافق(ة) لا مش موافق(ة),لاموافق(ة) لا مش موافق(ة),لا موافق(ة) لا مش موافق(ة),مش موافق(ة),مش موافق(ة),مش موافق(ة),مش موافق(ة) بالكل,يهمني برشا شكون نختار,مختلفين على بعضهم مع شوية تشابه,يهمني برشا شكون نختار,يهمني,مجلس بلدي جديد,مجلس بلدي جديد,مجلس بلدي جديد,مجلس بلدي جديد,موافق(ة),موافق(ة),موافق(ة),موافق(ة),موافق(ة),موافق(ة),موافق(ة),موافق(ة) برشا,18-24,أنثى,الجامعي,اكثر من 1200,عازب(ة),طالب(ة),soukra,
28/12/2017 11:40:00,موافق(ة),موافق(ة),لاموافق(ة) لا مش موافق(ة),موافق(ة),موافق(ة),مش موافق(ة),موافق(ة),موافق(ة) برشا,مش موافق(ة),موافق(ة) برشا,موافق(ة) برشا,مش موافق(ة),لا موافق(ة) لا مش موافق(ة),مش موافق(ة),مش موافق(ة),لا موافق(ة) لا مش موافق(ة),يهمني شكون نختار,مختلفين على بعضهم مع شوية تشابه,يهمني شكون نختار,يهمني,المجلس البلدي الحالي,المجلس البلدي الحالي,المجلس البلدي الحالي,المجلس البلدي الحالي,لاموافق(ة) لا مش موافق(ة),لا موافق(ة) لا مش موافق(ة),موافق(ة) برشا,مش موافق(ة),موافق(ة),موافق(ة),موافق(ة),موافق(ة),18-24,أنثى,الجامعي,أقل من 600,عازب(ة),طالب(ة),ariana,
28/12/2017 11:40:23,موافق(ة),لاموافق(ة) لا مش موافق(ة),مش موافق(ة),موافق(ة),موافق(ة),مش موافق(ة),موافق(ة),موافق(ة),مش موافق(ة),موافق(ة),موافق(ة),مش موافق(ة),مش موافق(ة) بالكل,مش موافق(ة) بالكل,مش موافق(ة) بالكل,مش موافق(ة) بالكل,يهمني برشا شكون نختار,كيف كيف  مع شوية اختلاف,يهمني برشا شكون نختار,مايهمنيش,مجلس بلدي جديد,مجلس بلدي جديد,مجلس بلدي جديد,مجلس بلدي جديد,موافق(ة),موافق(ة),موافق(ة),موافق(ة),مش موافق(ة),لاموافق(ة) لا مش موافق(ة),لا موافق(ة) لا مش موافق(ة),لا موافق(ة) لا مش موافق(ة),25-34,أنثى,الدراسات العليا,اكثر من 1200,عازب(ة),طالب(ة),kram ,
28/12/2017 11:41:03,لاموافق(ة) لا مش موافق(ة),لاموافق(ة) لا مش موافق(ة),لاموافق(ة) لا مش موافق(ة),موافق(ة),موافق(ة),مش موافق(ة) بالكل,لاٍموافق(ة) لا مش موافق(ة),موافق(ة),مش موافق(ة) بالكل,موافق(ة),موافق(ة),مش موافق(ة) بالكل,لا موافق(ة) لا مش موافق(ة),لاٍموافق(ة) لا مش موافق(ة),لاٍموافق(ة) لا مش موافق(ة),لا موافق(ة) لا مش موافق(ة),لا يهمني لا ميهمنيش شكون نختار,ما عنديش راى,مايهمنيش جملة شكون نختار,مايهمنيش جملة,مجلس بلدي جديد,مجلس بلدي جديد,مجلس بلدي جديد,مجلس بلدي جديد,موافق(ة),موافق(ة),موافق(ة),مش موافق(ة) بالكل,لاموافق(ة) لا مش موافق(ة),لاموافق(ة) لا مش موافق(ة),لا موافق(ة) لا مش موافق(ة),,18-24,أنثى,الجامعي,بين 600 و1200,عازب(ة),طالب(ة),tunis,
28/12/2017 11:41:38,موافق(ة),موافق(ة),لاموافق(ة) لا مش موافق(ة),لاموافق(ة) لا مش موافق(ة),موافق(ة),لا موافق(ة) لا مش موافق(ة),موافق(ة) برشا,موافق(ة) برشا,لاموافق(ة) لا مش موافق(ة),موافق(ة),موافق(ة),لا موافق(ة) لا مش موافق(ة),لا موافق(ة) لا مش موافق(ة),لاٍموافق(ة) لا مش موافق(ة),لاٍموافق(ة) لا مش موافق(ة),لا موافق(ة) لا مش موافق(ة),يهمني شكون نختار,مختلفين على بعضهم مع شوية تشابه,يهمني برشا شكون نختار,يهمني,مجلس بلدي جديد,مجلس بلدي جديد,مجلس بلدي جديد,مجلس بلدي جديد,لاموافق(ة) لا مش موافق(ة),لا موافق(ة) لا مش موافق(ة),موافق(ة),موافق(ة),مش موافق(ة),لاموافق(ة) لا مش موافق(ة),موافق(ة),موافق(ة),18-24,أنثى,الجامعي,بين 600 و1200,عازب(ة),طالب(ة),manouba,
28/12/2017 11:47:03,موافق(ة),موافق(ة),مش موافق(ة) بالكل,موافق(ة),لاموافق(ة) لا مش موافق(ة),مش موافق(ة),موافق(ة),موافق(ة),مش موافق(ة) بالكل,لا موافق(ة) لا مش موافق(ة),لاموافق(ة) لا مش موافق(ة),لا موافق(ة) لا مش موافق(ة),موافق(ة),مش موافق(ة) بالكل,مش موافق(ة),مش موافق(ة) بالكل,يهمني شكون نختار,كيف كيف  مع شوية اختلاف,يهمني شكون نختار,يهمني,المجلس البلدي الحالي,مجلس بلدي جديد,مجلس بلدي جديد,المجلس البلدي الحالي,مش موافق(ة) بالكل,موافق(ة),موافق(ة),مش موافق(ة) بالكل,موافق(ة),موافق(ة),موافق(ة),موافق(ة),18-24,أنثى,الجامعي,اكثر من 1200,عازب(ة),طالب(ة),nabeul,
28/12/2017 11:51:21,موافق(ة),موافق(ة),لاموافق(ة) لا مش موافق(ة),موافق(ة),موافق(ة),لا موافق(ة) لا مش موافق(ة),موافق(ة),موافق(ة),لاموافق(ة) لا مش موافق(ة),لا موافق(ة) لا مش موافق(ة),لاموافق(ة) لا مش موافق(ة),موافق(ة),موافق(ة),موافق(ة),موافق(ة),موافق(ة),يهمني شكون نختار,مختلفين على بعضهم مع شوية تشابه,يهمني شكون نختار,يهمني,مجلس بلدي جديد,مجلس بلدي جديد,مجلس بلدي جديد,مجلس بلدي جديد,موافق(ة),موافق(ة),موافق(ة),موافق(ة),موافق(ة) برشا,لاموافق(ة) لا مش موافق(ة),لا موافق(ة) لا مش موافق(ة),لا موافق(ة) لا مش موافق(ة),55-64,ذكر,الجامعي,اكثر من 1200,متزوج(ة),مسؤول(ة),Mnihla ,
28/12/2017 11:51:56,موافق(ة),موافق(ة),لاموافق(ة) لا مش موافق(ة),موافق(ة),موافق(ة),لا موافق(ة) لا مش موافق(ة),لاٍموافق(ة) لا مش موافق(ة),لاموافق(ة) لا مش موافق(ة),موافق(ة),موافق(ة),موافق(ة),لا موافق(ة) لا مش موافق(ة),لا موافق(ة) لا مش موافق(ة),لاٍموافق(ة) لا مش موافق(ة),لاٍموافق(ة) لا مش موافق(ة),موافق(ة),يهمني برشا شكون نختار,كيف كيف  مع شوية اختلاف,يهمني برشا شكون نختار,يهمني برشا,مجلس بلدي جديد,مجلس بلدي جديد,مجلس بلدي جديد,مجلس بلدي جديد,موافق(ة),لا موافق(ة) لا مش موافق(ة),موافق(ة) برشا,موافق(ة),موافق(ة),موافق(ة),موافق(ة),موافق(ة),18-24,أنثى,الجامعي,اكثر من 1200,عازب(ة),طالب(ة),soukra,
28/12/2017 11:55:26,موافق(ة) برشا,موافق(ة),لاموافق(ة) لا مش موافق(ة),موافق(ة),موافق(ة),لا موافق(ة) لا مش موافق(ة),موافق(ة) برشا,موافق(ة) برشا,لاموافق(ة) لا مش موافق(ة),موافق(ة),موافق(ة),لا موافق(ة) لا مش موافق(ة),لا موافق(ة) لا مش موافق(ة),لاٍموافق(ة) لا مش موافق(ة),لاٍموافق(ة) لا مش موافق(ة),موافق(ة) برشا,يهمني برشا شكون نختار,ما عنديش راى,يهمني برشا شكون نختار,يهمني برشا,المجلس البلدي الحالي,مجلس بلدي جديد,مجلس بلدي جديد,مجلس بلدي جديد,موافق(ة),لا موافق(ة) لا مش موافق(ة),موافق(ة),لا موافق(ة) لا مش موافق(ة),موافق(ة),موافق(ة),موافق(ة),موافق(ة),25-34,ذكر,الجامعي,بين 600 و1200,عازب(ة),بطّال(ة),soukra,
28/12/2017 11:55:42,مش موافق(ة),مش موافق(ة),موافق(ة),لاموافق(ة) لا مش موافق(ة),لاموافق(ة) لا مش موافق(ة),لا موافق(ة) لا مش موافق(ة),مش موافق(ة),مش موافق(ة),موافق(ة),لا موافق(ة) لا مش موافق(ة),لاموافق(ة) لا مش موافق(ة),لا موافق(ة) لا مش موافق(ة),موافق(ة),موافق(ة),موافق(ة),موافق(ة),يهمني برشا شكون نختار,مختلفين على بعضهم مع شوية تشابه,يهمني برشا شكون نختار,يهمني برشا,المجلس البلدي الحالي,المجلس البلدي الحالي,المجلس البلدي الحالي,المجلس البلدي الحالي,موافق(ة),مش موافق(ة) بالكل,موافق(ة) برشا,موافق(ة),موافق(ة) برشا,لاموافق(ة) لا مش موافق(ة),لا موافق(ة) لا مش موافق(ة),لا موافق(ة) لا مش موافق(ة),25-34,ذكر,الجامعي,اكثر من 1200,عازب(ة),باعث(ة) مشروع ، فلاح(ة) ، تاجر(ة),ariana,
28/12/2017 11:57:29,موافق(ة),موافق(ة) برشا,مش موافق(ة),موافق(ة) برشا,موافق(ة) برشا,موافق(ة) برشا,موافق(ة) برشا,موافق(ة) برشا,مش موافق(ة),موافق(ة) برشا,موافق(ة) برشا,مش موافق(ة),مش موافق(ة),لاٍموافق(ة) لا مش موافق(ة),لاٍموافق(ة) لا مش موافق(ة),مش موافق(ة),يهمني شكون نختار,كيف كيف  مع شوية اختلاف,يهمني شكون نختار,مايهمنيش,مجلس بلدي جديد,مجلس بلدي جديد,مجلس بلدي جديد,مجلس بلدي جديد,مش موافق(ة),مش موافق(ة),لاموافق(ة) لا مش موافق(ة),مش موافق(ة),لاموافق(ة) لا مش موافق(ة),لاموافق(ة) لا مش موافق(ة),لا موافق(ة) لا مش موافق(ة),موافق(ة),55-64,ذكر,الدراسات العليا,اكثر من 1200,متزوج(ة),باعث(ة) مشروع ، فلاح(ة) ، تاجر(ة),mourouj,
28/12/2017 12:00:11,موافق(ة),لاموافق(ة) لا مش موافق(ة),لاموافق(ة) لا مش موافق(ة),موافق(ة),مش موافق(ة),مش موافق(ة),لاٍموافق(ة) لا مش موافق(ة),لاموافق(ة) لا مش موافق(ة),لاموافق(ة) لا مش موافق(ة),مش موافق(ة),موافق(ة),مش موافق(ة),موافق(ة),موافق(ة),موافق(ة),مش موافق(ة),يهمني شكون نختار,مختلفين على بعضهم,يهمني برشا شكون نختار,يهمني,مجلس بلدي جديد,المجلس البلدي الحالي,مجلس بلدي جديد,المجلس البلدي الحالي,مش موافق(ة),لا موافق(ة) لا مش موافق(ة),موافق(ة),مش موافق(ة),موافق(ة),لاموافق(ة) لا مش موافق(ة),لا موافق(ة) لا مش موافق(ة),لا موافق(ة) لا مش موافق(ة),18-24,أنثى,الجامعي,بين 600 و1200,عازب(ة),طالب(ة),mourouj,
28/12/2017 12:06:07,موافق(ة),موافق(ة),لاموافق(ة) لا مش موافق(ة),موافق(ة),موافق(ة),لا موافق(ة) لا مش موافق(ة),موافق(ة),موافق(ة),لاموافق(ة) لا مش موافق(ة),موافق(ة),موافق(ة),لا موافق(ة) لا مش موافق(ة),موافق(ة),موافق(ة),موافق(ة),موافق(ة),يهمني برشا شكون نختار,مختلفين على بعضهم مع شوية تشابه,يهمني برشا شكون نختار,يهمني برشا,مجلس بلدي جديد,مجلس بلدي جديد,مجلس بلدي جديد,مجلس بلدي جديد,لاموافق(ة) لا مش موافق(ة),لا موافق(ة) لا مش موافق(ة),لاموافق(ة) لا مش موافق(ة),لا موافق(ة) لا مش موافق(ة),موافق(ة),موافق(ة) برشا,موافق(ة) برشا,موافق(ة) برشا,45-54,أنثى,الجامعي,اكثر من 1200,متزوج(ة),مسؤول(ة),manouba,
28/12/2017 12:08:03,موافق(ة),موافق(ة),مش موافق(ة),موافق(ة) برشا,موافق(ة),مش موافق(ة) بالكل,موافق(ة) برشا,موافق(ة) برشا,مش موافق(ة) بالكل,موافق(ة),موافق(ة),مش موافق(ة),مش موافق(ة),موافق(ة),موافق(ة),مش موافق(ة),يهمني شكون نختار,كيف كيف  مع شوية اختلاف,يهمني برشا شكون نختار,يهمني,مجلس بلدي جديد,مجلس بلدي جديد,مجلس بلدي جديد,مجلس بلدي جديد,موافق(ة),موافق(ة),موافق(ة) برشا,مش موافق(ة),مش موافق(ة),لاموافق(ة) لا مش موافق(ة),موافق(ة),موافق(ة),18-24,أنثى,الجامعي,اكثر من 1200,عازب(ة),طالب(ة),eljem,
28/12/2017 12:12:21,لاموافق(ة) لا مش موافق(ة),موافق(ة),موافق(ة),لاموافق(ة) لا مش موافق(ة),لاموافق(ة) لا مش موافق(ة),لا موافق(ة) لا مش موافق(ة),لاٍموافق(ة) لا مش موافق(ة),لاموافق(ة) لا مش موافق(ة),موافق(ة),لا موافق(ة) لا مش موافق(ة),لاموافق(ة) لا مش موافق(ة),لا موافق(ة) لا مش موافق(ة),لا موافق(ة) لا مش موافق(ة),لاٍموافق(ة) لا مش موافق(ة),موافق(ة),لا موافق(ة) لا مش موافق(ة),يهمني برشا شكون نختار,ما عنديش راى,يهمني برشا شكون نختار,يهمني,المجلس البلدي الحالي,مجلس بلدي جديد,المجلس البلدي الحالي,المجلس البلدي الحالي,لاموافق(ة) لا مش موافق(ة),لا موافق(ة) لا مش موافق(ة),لاموافق(ة) لا مش موافق(ة),موافق(ة),موافق(ة),لاموافق(ة) لا مش موافق(ة),لا موافق(ة) لا مش موافق(ة),لا موافق(ة) لا مش موافق(ة),18-24,أنثى,الدراسات العليا,اكثر من 1200,عازب(ة),طالب(ة),mourouj,
28/12/2017 12:15:52,لاموافق(ة) لا مش موافق(ة),موافق(ة),موافق(ة),لاموافق(ة) لا مش موافق(ة),لاموافق(ة) لا مش موافق(ة),موافق(ة),موافق(ة),لاموافق(ة) لا مش موافق(ة),موافق(ة),لا موافق(ة) لا مش موافق(ة),موافق(ة),لا موافق(ة) لا مش موافق(ة),موافق(ة),موافق(ة),لاٍموافق(ة) لا مش موافق(ة),لا موافق(ة) لا مش موافق(ة),يهمني شكون نختار,ما عنديش راى,يهمني برشا شكون نختار,لا يهمني لا ميهمنيش,مجلس بلدي جديد,المجلس البلدي الحالي,المجلس البلدي الحالي,المجلس البلدي الحالي,لاموافق(ة) لا مش موافق(ة),لا موافق(ة) لا مش موافق(ة),لاموافق(ة) لا مش موافق(ة),موافق(ة),موافق(ة) برشا,لاموافق(ة) لا مش موافق(ة),لا موافق(ة) لا مش موافق(ة),لا موافق(ة) لا مش موافق(ة),55-64,أنثى,الجامعي,اكثر من 1200,متزوج(ة),متقاعد(ة),mourouj,
28/12/2017 12:18:07,موافق(ة),موافق(ة),مش موافق(ة),موافق(ة),موافق(ة),مش موافق(ة),موافق(ة) برشا,موافق(ة) برشا,مش موافق(ة) بالكل,موافق(ة),موافق(ة),موافق(ة),موافق(ة),موافق(ة),موافق(ة),موافق(ة),يهمني برشا شكون نختار,كيف كيف  مع شوية اختلاف,يهمني شكون نختار,يهمني,مجلس بلدي جديد,مجلس بلدي جديد,مجلس بلدي جديد,مجلس بلدي جديد,موافق(ة) برشا,موافق(ة),موافق(ة),موافق(ة),موافق(ة) برشا,موافق(ة),موافق(ة),موافق(ة),55-64,ذكر,ثانوي,اكثر من 1200,متزوج(ة),متقاعد(ة),raoued,
28/12/2017 12:20:19,موافق(ة) برشا,موافق(ة) برشا,مش موافق(ة) بالكل,موافق(ة) برشا,موافق(ة) برشا,مش موافق(ة) بالكل,موافق(ة) برشا,موافق(ة) برشا,مش موافق(ة) بالكل,موافق(ة) برشا,موافق(ة) برشا,مش موافق(ة) بالكل,موافق(ة) برشا,موافق(ة) برشا,موافق(ة) برشا,موافق(ة) برشا,يهمني برشا شكون نختار,مختلفين على بعضهم,يهمني برشا شكون نختار,يهمني برشا,مجلس بلدي جديد,مجلس بلدي جديد,مجلس بلدي جديد,مجلس بلدي جديد,مش موافق(ة) بالكل,مش موافق(ة) بالكل,موافق(ة) برشا,مش موافق(ة) بالكل,موافق(ة),موافق(ة),موافق(ة) برشا,موافق(ة) برشا,45-54,ذكر,الدراسات العليا,اكثر من 1200,متزوج(ة),مسؤول(ة),ariana,
28/12/2017 12:22:03,موافق(ة),موافق(ة),لاموافق(ة) لا مش موافق(ة),موافق(ة),موافق(ة),لا موافق(ة) لا مش موافق(ة),موافق(ة),موافق(ة),لاموافق(ة) لا مش موافق(ة),موافق(ة),موافق(ة),لا موافق(ة) لا مش موافق(ة),موافق(ة),موافق(ة),موافق(ة),موافق(ة),يهمني شكون نختار,مختلفين على بعضهم مع شوية تشابه,يهمني شكون نختار,يهمني,مجلس بلدي جديد,مجلس بلدي جديد,مجلس بلدي جديد,مجلس بلدي جديد,موافق(ة),موافق(ة),موافق(ة),موافق(ة),موافق(ة) برشا,لاموافق(ة) لا مش موافق(ة),لا موافق(ة) لا مش موافق(ة),لا موافق(ة) لا مش موافق(ة),55-64,ذكر,الجامعي,اكثر من 1200,متزوج(ة),مسؤول(ة),Mnihla ,
28/12/2017 12:23:43,لاموافق(ة) لا مش موافق(ة),موافق(ة),مش موافق(ة),موافق(ة),لاموافق(ة) لا مش موافق(ة),موافق(ة),موافق(ة),موافق(ة),مش موافق(ة),لا موافق(ة) لا مش موافق(ة),موافق(ة),لا موافق(ة) لا مش موافق(ة),مش موافق(ة),مش موافق(ة),مش موافق(ة),مش موافق(ة),يهمني شكون نختار,كيف كيف  مع شوية اختلاف,يهمني برشا شكون نختار,يهمني برشا,مجلس بلدي جديد,مجلس بلدي جديد,مجلس بلدي جديد,مجلس بلدي جديد,موافق(ة) برشا,مش موافق(ة),موافق(ة) برشا,موافق(ة) برشا,موافق(ة),موافق(ة),موافق(ة),موافق(ة),18-24,أنثى,الجامعي,اكثر من 1200,عازب(ة),طالب(ة),بلديّة المروج,
28/12/2017 12:23:56,موافق(ة),موافق(ة),مش موافق(ة),لاموافق(ة) لا مش موافق(ة),موافق(ة),لا موافق(ة) لا مش موافق(ة),موافق(ة) برشا,موافق(ة) برشا,مش موافق(ة) بالكل,لا موافق(ة) لا مش موافق(ة),لاموافق(ة) لا مش موافق(ة),لا موافق(ة) لا مش موافق(ة),مش موافق(ة),مش موافق(ة),مش موافق(ة),مش موافق(ة),يهمني برشا شكون نختار,مختلفين على بعضهم مع شوية تشابه,يهمني برشا شكون نختار,يهمني برشا,مجلس بلدي جديد,مجلس بلدي جديد,مجلس بلدي جديد,مجلس بلدي جديد,مش موافق(ة),مش موافق(ة),موافق(ة),مش موافق(ة) بالكل,مش موافق(ة),موافق(ة),موافق(ة),موافق(ة),18-24,ذكر,الجامعي,أقل من 600,عازب(ة),طالب(ة),Chebba,
28/12/2017 12:29:53,موافق(ة),موافق(ة),لاموافق(ة) لا مش موافق(ة),موافق(ة),موافق(ة),لا موافق(ة) لا مش موافق(ة),موافق(ة) برشا,موافق(ة) برشا,موافق(ة) برشا,موافق(ة),موافق(ة),لا موافق(ة) لا مش موافق(ة),موافق(ة),لاٍموافق(ة) لا مش موافق(ة),لاٍموافق(ة) لا مش موافق(ة),موافق(ة),يهمني شكون نختار,مختلفين على بعضهم مع شوية تشابه,يهمني شكون نختار,يهمني,مجلس بلدي جديد,مجلس بلدي جديد,مجلس بلدي جديد,مجلس بلدي جديد,موافق(ة),لا موافق(ة) لا مش موافق(ة),موافق(ة),لا موافق(ة) لا مش موافق(ة),لاموافق(ة) لا مش موافق(ة),لاموافق(ة) لا مش موافق(ة),لا موافق(ة) لا مش موافق(ة),لا موافق(ة) لا مش موافق(ة),18-24,أنثى,الجامعي,اكثر من 1200,عازب(ة),طالب(ة),Mourouj,
28/12/2017 12:33:01,لاموافق(ة) لا مش موافق(ة),لاموافق(ة) لا مش موافق(ة),لاموافق(ة) لا مش موافق(ة),لاموافق(ة) لا مش موافق(ة),لاموافق(ة) لا مش موافق(ة),لا موافق(ة) لا مش موافق(ة),موافق(ة),موافق(ة),مش موافق(ة),لا موافق(ة) لا مش موافق(ة),لاموافق(ة) لا مش موافق(ة),لا موافق(ة) لا مش موافق(ة),موافق(ة),موافق(ة),موافق(ة),موافق(ة),يهمني برشا شكون نختار,مختلفين على بعضهم مع شوية تشابه,يهمني برشا شكون نختار,يهمني,مجلس بلدي جديد,مجلس بلدي جديد,مجلس بلدي جديد,مجلس بلدي جديد,موافق(ة) برشا,مش موافق(ة) بالكل,مش موافق(ة),موافق(ة),موافق(ة) برشا,موافق(ة),موافق(ة),موافق(ة),25-34,أنثى,الجامعي,اكثر من 1200,عازب(ة),موظف(ة) إداري(ة),ariana,
28/12/2017 12:45:38,لاموافق(ة) لا مش موافق(ة),موافق(ة),موافق(ة),مش موافق(ة) بالكل,مش موافق(ة),موافق(ة),موافق(ة),موافق(ة),مش موافق(ة),مش موافق(ة),لاموافق(ة) لا مش موافق(ة),لا موافق(ة) لا مش موافق(ة),مش موافق(ة),مش موافق(ة),مش موافق(ة),مش موافق(ة),يهمني شكون نختار,مختلفين على بعضهم مع شوية تشابه,يهمني برشا شكون نختار,يهمني,مجلس بلدي جديد,مجلس بلدي جديد,المجلس البلدي الحالي,المجلس البلدي الحالي,موافق(ة),موافق(ة),موافق(ة) برشا,موافق(ة),مش موافق(ة) بالكل,لاموافق(ة) لا مش موافق(ة),موافق(ة),موافق(ة),18-24,ذكر,الجامعي,أقل من 600,عازب(ة),طالب(ة),Tounes,
28/12/2017 12:49:49,موافق(ة),موافق(ة),مش موافق(ة) بالكل,موافق(ة),موافق(ة),مش موافق(ة) بالكل,موافق(ة),موافق(ة),مش موافق(ة) بالكل,موافق(ة),موافق(ة),مش موافق(ة) بالكل,لا موافق(ة) لا مش موافق(ة),لاٍموافق(ة) لا مش موافق(ة),لاٍموافق(ة) لا مش موافق(ة),لا موافق(ة) لا مش موافق(ة),يهمني شكون نختار,ما عنديش راى,مايهمنيش شكون نختار,يهمني,مجلس بلدي جديد,مجلس بلدي جديد,مجلس بلدي جديد,مجلس بلدي جديد,لاموافق(ة) لا مش موافق(ة),لا موافق(ة) لا مش موافق(ة),مش موافق(ة),مش موافق(ة) بالكل,مش موافق(ة) بالكل,مش موافق(ة),مانيش موافق(ة),مانيش موافق(ة),18-24,أنثى,الجامعي,اكثر من 1200,عازب(ة),طالب(ة),بلدية رادس,
28/12/2017 13:08:44,موافق(ة),موافق(ة),لاموافق(ة) لا مش موافق(ة),موافق(ة),موافق(ة),لا موافق(ة) لا مش موافق(ة),موافق(ة),موافق(ة) برشا,مش موافق(ة),موافق(ة),موافق(ة),لا موافق(ة) لا مش موافق(ة),موافق(ة),موافق(ة),لاٍموافق(ة) لا مش موافق(ة),مش موافق(ة),يهمني برشا شكون نختار,كيف كيف  مع شوية اختلاف,يهمني برشا شكون نختار,يهمني برشا,مجلس بلدي جديد,مجلس بلدي جديد,مجلس بلدي جديد,مجلس بلدي جديد,موافق(ة) برشا,موافق(ة),موافق(ة) برشا,موافق(ة) برشا,موافق(ة),موافق(ة),موافق(ة),موافق(ة),18-24,أنثى,الجامعي,أقل من 600,عازب(ة),طالب(ة),الكبارية,
28/12/2017 13:23:17,لاموافق(ة) لا مش موافق(ة),لاموافق(ة) لا مش موافق(ة),مش موافق(ة),موافق(ة),موافق(ة),مش موافق(ة),موافق(ة),موافق(ة),مش موافق(ة),لا موافق(ة) لا مش موافق(ة),لاموافق(ة) لا مش موافق(ة),لا موافق(ة) لا مش موافق(ة),موافق(ة),موافق(ة),موافق(ة),موافق(ة),يهمني برشا شكون نختار,مختلفين على بعضهم مع شوية تشابه,يهمني برشا شكون نختار,يهمني برشا,مجلس بلدي جديد,مجلس بلدي جديد,مجلس بلدي جديد,مجلس بلدي جديد,موافق(ة) برشا,موافق(ة),موافق(ة),موافق(ة),موافق(ة) برشا,لاموافق(ة) لا مش موافق(ة),لا موافق(ة) لا مش موافق(ة),لا موافق(ة) لا مش موافق(ة),45-54,أنثى,ثانوي,اكثر من 1200,متزوج(ة),موظف(ة) إداري(ة),mannouba,
28/12/2017 13:34:17,موافق(ة),موافق(ة),مش موافق(ة),موافق(ة),موافق(ة),مش موافق(ة),موافق(ة),موافق(ة),مش موافق(ة),لا موافق(ة) لا مش موافق(ة),لاموافق(ة) لا مش موافق(ة),لا موافق(ة) لا مش موافق(ة),مش موافق(ة),مش موافق(ة),مش موافق(ة),مش موافق(ة),يهمني شكون نختار,مختلفين على بعضهم مع شوية تشابه,يهمني شكون نختار,يهمني,مجلس بلدي جديد,المجلس البلدي الحالي,مجلس بلدي جديد,مجلس بلدي جديد,موافق(ة),لا موافق(ة) لا مش موافق(ة),موافق(ة),موافق(ة),موافق(ة),موافق(ة),موافق(ة),موافق(ة),18-24,أنثى,الدراسات العليا,اكثر من 1200,عازب(ة),طالب(ة),Kairouan,
28/12/2017 13:38:06,موافق(ة),موافق(ة),لاموافق(ة) لا مش موافق(ة),لاموافق(ة) لا مش موافق(ة),لاموافق(ة) لا مش موافق(ة),لا موافق(ة) لا مش موافق(ة),لاٍموافق(ة) لا مش موافق(ة),لاموافق(ة) لا مش موافق(ة),موافق(ة),لا موافق(ة) لا مش موافق(ة),لاموافق(ة) لا مش موافق(ة),لا موافق(ة) لا مش موافق(ة),موافق(ة) برشا,موافق(ة) برشا,موافق(ة) برشا,موافق(ة) برشا,يهمني برشا شكون نختار,كيف كيف  مع شوية اختلاف,يهمني برشا شكون نختار,يهمني برشا,مجلس بلدي جديد,مجلس بلدي جديد,مجلس بلدي جديد,مجلس بلدي جديد,موافق(ة),مش موافق(ة) بالكل,موافق(ة) برشا,موافق(ة),موافق(ة),موافق(ة),موافق(ة),موافق(ة),35-44,أنثى,ثانوي,اكثر من 1200,متزوج(ة),باعث(ة) مشروع ، فلاح(ة) ، تاجر(ة),bardo,
28/12/2017 13:53:15,مش موافق(ة),مش موافق(ة),موافق(ة),لاموافق(ة) لا مش موافق(ة),لاموافق(ة) لا مش موافق(ة),موافق(ة),موافق(ة),موافق(ة),مش موافق(ة),لا موافق(ة) لا مش موافق(ة),لاموافق(ة) لا مش موافق(ة),لا موافق(ة) لا مش موافق(ة),موافق(ة) برشا,موافق(ة) برشا,موافق(ة) برشا,موافق(ة) برشا,يهمني برشا شكون نختار,مختلفين على بعضهم مع شوية تشابه,يهمني شكون نختار,يهمني,مجلس بلدي جديد,مجلس بلدي جديد,مجلس بلدي جديد,مجلس بلدي جديد,موافق(ة),موافق(ة),موافق(ة),موافق(ة),موافق(ة) برشا,موافق(ة),موافق(ة),موافق(ة),45-54,ذكر,ثانوي,اكثر من 1200,متزوج(ة),باعث(ة) مشروع ، فلاح(ة) ، تاجر(ة),mannouba,
28/12/2017 14:06:33,موافق(ة),موافق(ة),مش موافق(ة),موافق(ة),موافق(ة),مش موافق(ة),موافق(ة),موافق(ة),مش موافق(ة),موافق(ة),موافق(ة),مش موافق(ة),موافق(ة),موافق(ة),موافق(ة),موافق(ة),لا يهمني لا ميهمنيش شكون نختار,كيف كيف,لا يهمني لا ميهمنيش شكون نختار,يهمني,مجلس بلدي جديد,مجلس بلدي جديد,مجلس بلدي جديد,مجلس بلدي جديد,موافق(ة) برشا,لا موافق(ة) لا مش موافق(ة),لاموافق(ة) لا مش موافق(ة),لا موافق(ة) لا مش موافق(ة),موافق(ة) برشا,لاموافق(ة) لا مش موافق(ة),لا موافق(ة) لا مش موافق(ة),لا موافق(ة) لا مش موافق(ة),45-54,أنثى,ثانوي,اكثر من 1200,متزوج(ة),في الدّار (أب أو أم),raoued,
28/12/2017 14:07:30,موافق(ة) برشا,موافق(ة) برشا,لاموافق(ة) لا مش موافق(ة),موافق(ة),موافق(ة) برشا,لا موافق(ة) لا مش موافق(ة),موافق(ة) برشا,موافق(ة) برشا,لاموافق(ة) لا مش موافق(ة),موافق(ة) برشا,موافق(ة) برشا,لا موافق(ة) لا مش موافق(ة),موافق(ة),لاٍموافق(ة) لا مش موافق(ة),لاٍموافق(ة) لا مش موافق(ة),لا موافق(ة) لا مش موافق(ة),يهمني برشا شكون نختار,كيف كيف,يهمني شكون نختار,يهمني,مجلس بلدي جديد,مجلس بلدي جديد,مجلس بلدي جديد,مجلس بلدي جديد,لاموافق(ة) لا مش موافق(ة),لا موافق(ة) لا مش موافق(ة),لاموافق(ة) لا مش موافق(ة),لا موافق(ة) لا مش موافق(ة),لاموافق(ة) لا مش موافق(ة),لاموافق(ة) لا مش موافق(ة),لا موافق(ة) لا مش موافق(ة),لا موافق(ة) لا مش موافق(ة),45-54,ذكر,الدراسات العليا,اكثر من 1200,متزوج(ة),باعث(ة) مشروع ، فلاح(ة) ، تاجر(ة),"Tunis, Menzah9",
28/12/2017 14:10:00,موافق(ة),موافق(ة),مش موافق(ة),موافق(ة) برشا,موافق(ة),مش موافق(ة) بالكل,موافق(ة) برشا,موافق(ة) برشا,مش موافق(ة) بالكل,موافق(ة),موافق(ة) برشا,مش موافق(ة) بالكل,مش موافق(ة),مش موافق(ة),مش موافق(ة),مش موافق(ة),يهمني برشا شكون نختار,مختلفين على بعضهم,يهمني برشا شكون نختار,يهمني برشا,مجلس بلدي جديد,مجلس بلدي جديد,مجلس بلدي جديد,مجلس بلدي جديد,موافق(ة) برشا,موافق(ة) برشا,موافق(ة) برشا,موافق(ة) برشا,مش موافق(ة),موافق(ة),موافق(ة),موافق(ة),18-24,أنثى,الجامعي,اكثر من 1200,عازب(ة),طالب(ة),صفاقس,
28/12/2017 14:19:43,موافق(ة),موافق(ة),مش موافق(ة),لاموافق(ة) لا مش موافق(ة),لاموافق(ة) لا مش موافق(ة),مش موافق(ة),موافق(ة),موافق(ة),مش موافق(ة) بالكل,موافق(ة),موافق(ة),مش موافق(ة),لا موافق(ة) لا مش موافق(ة),لاٍموافق(ة) لا مش موافق(ة),لاٍموافق(ة) لا مش موافق(ة),لا موافق(ة) لا مش موافق(ة),لا يهمني لا ميهمنيش شكون نختار,مختلفين على بعضهم مع شوية تشابه,لا يهمني لا ميهمنيش شكون نختار,مايهمنيش,مجلس بلدي جديد,مجلس بلدي جديد,مجلس بلدي جديد,مجلس بلدي جديد,موافق(ة),مش موافق(ة),موافق(ة),لا موافق(ة) لا مش موافق(ة),موافق(ة),لاموافق(ة) لا مش موافق(ة),مانيش موافق(ة),لا موافق(ة) لا مش موافق(ة),25-34,ذكر,الجامعي,اكثر من 1200,عازب(ة),طالب(ة),raoued,
28/12/2017 14:27:14,لاموافق(ة) لا مش موافق(ة),لاموافق(ة) لا مش موافق(ة),لاموافق(ة) لا مش موافق(ة),موافق(ة),لاموافق(ة) لا مش موافق(ة),لا موافق(ة) لا مش موافق(ة),موافق(ة),موافق(ة),مش موافق(ة),موافق(ة),موافق(ة),لا موافق(ة) لا مش موافق(ة),مش موافق(ة),مش موافق(ة),مش موافق(ة),لا موافق(ة) لا مش موافق(ة),مايهمنيش شكون نختار,ما عنديش راى,مايهمنيش جملة شكون نختار,مايهمنيش جملة,,مجلس بلدي جديد,مجلس بلدي جديد,مجلس بلدي جديد,موافق(ة),موافق(ة),موافق(ة) برشا,موافق(ة),موافق(ة) برشا,لاموافق(ة) لا مش موافق(ة),لا موافق(ة) لا مش موافق(ة),لا موافق(ة) لا مش موافق(ة),35-44,أنثى,الدراسات العليا,اكثر من 1200,متزوج(ة),موظف(ة) إداري(ة),Ariana,
28/12/2017 14:31:07,موافق(ة),موافق(ة),لاموافق(ة) لا مش موافق(ة),موافق(ة),موافق(ة),لا موافق(ة) لا مش موافق(ة),موافق(ة),موافق(ة),لاموافق(ة) لا مش موافق(ة),موافق(ة),موافق(ة),لا موافق(ة) لا مش موافق(ة),موافق(ة),موافق(ة),موافق(ة),موافق(ة),يهمني شكون نختار,مختلفين على بعضهم مع شوية تشابه,يهمني شكون نختار,يهمني برشا,مجلس بلدي جديد,مجلس بلدي جديد,مجلس بلدي جديد,مجلس بلدي جديد,موافق(ة),لا موافق(ة) لا مش موافق(ة),موافق(ة) برشا,موافق(ة),مش موافق(ة),لاموافق(ة) لا مش موافق(ة),موافق(ة),موافق(ة),18-24,أنثى,الجامعي,اكثر من 1200,عازب(ة),طالب(ة),بلدية صفاقس,
28/12/2017 14:40:04,موافق(ة) برشا,موافق(ة) برشا,مش موافق(ة) بالكل,موافق(ة) برشا,موافق(ة) برشا,مش موافق(ة) بالكل,موافق(ة) برشا,موافق(ة) برشا,مش موافق(ة) بالكل,موافق(ة) برشا,موافق(ة) برشا,مش موافق(ة) بالكل,مش موافق(ة),مش موافق(ة),مش موافق(ة),مش موافق(ة),يهمني برشا شكون نختار,كيف كيف  مع شوية اختلاف,يهمني برشا شكون نختار,يهمني برشا,مجلس بلدي جديد,مجلس بلدي جديد,مجلس بلدي جديد,مجلس بلدي جديد,لاموافق(ة) لا مش موافق(ة),لا موافق(ة) لا مش موافق(ة),لاموافق(ة) لا مش موافق(ة),مش موافق(ة),مش موافق(ة),موافق(ة),موافق(ة),موافق(ة),18-24,ذكر,الجامعي,اكثر من 1200,عازب(ة),طالب(ة),تونس,
28/12/2017 14:46:56,لاموافق(ة) لا مش موافق(ة),لاموافق(ة) لا مش موافق(ة),مش موافق(ة),لاموافق(ة) لا مش موافق(ة),لاموافق(ة) لا مش موافق(ة),مش موافق(ة),موافق(ة),موافق(ة),مش موافق(ة),موافق(ة),موافق(ة),مش موافق(ة),مش موافق(ة),مش موافق(ة),مش موافق(ة),مش موافق(ة),يهمني شكون نختار,مختلفين على بعضهم مع شوية تشابه,يهمني شكون نختار,لا يهمني لا ميهمنيش,مجلس بلدي جديد,مجلس بلدي جديد,مجلس بلدي جديد,مجلس بلدي جديد,موافق(ة),موافق(ة),موافق(ة) برشا,لا موافق(ة) لا مش موافق(ة),لاموافق(ة) لا مش موافق(ة),لاموافق(ة) لا مش موافق(ة),لا موافق(ة) لا مش موافق(ة),لا موافق(ة) لا مش موافق(ة),18-24,ذكر,الدراسات العليا,أقل من 600,عازب(ة),طالب(ة),grombalia,
28/12/2017 14:51:26,لاموافق(ة) لا مش موافق(ة),لاموافق(ة) لا مش موافق(ة),لاموافق(ة) لا مش موافق(ة),موافق(ة),موافق(ة),مش موافق(ة),لاٍموافق(ة) لا مش موافق(ة),لاموافق(ة) لا مش موافق(ة),لاموافق(ة) لا مش موافق(ة),موافق(ة),موافق(ة),مش موافق(ة),مش موافق(ة),مش موافق(ة),مش موافق(ة),مش موافق(ة),يهمني شكون نختار,مختلفين على بعضهم مع شوية تشابه,يهمني شكون نختار,لا يهمني لا ميهمنيش,مجلس بلدي جديد,مجلس بلدي جديد,مجلس بلدي جديد,مجلس بلدي جديد,موافق(ة),لا موافق(ة) لا مش موافق(ة),موافق(ة) برشا,موافق(ة),لاموافق(ة) لا مش موافق(ة),لاموافق(ة) لا مش موافق(ة),لا موافق(ة) لا مش موافق(ة),لا موافق(ة) لا مش موافق(ة),18-24,ذكر,الدراسات العليا,أقل من 600,عازب(ة),طالب(ة),grombalia,
28/12/2017 14:54:32,موافق(ة) برشا,موافق(ة),مش موافق(ة) بالكل,موافق(ة) برشا,موافق(ة) برشا,مش موافق(ة) بالكل,موافق(ة) برشا,موافق(ة),مش موافق(ة),موافق(ة) برشا,موافق(ة) برشا,مش موافق(ة) بالكل,موافق(ة),موافق(ة),موافق(ة),لا موافق(ة) لا مش موافق(ة),يهمني برشا شكون نختار,مختلفين على بعضهم,يهمني برشا شكون نختار,يهمني برشا,مجلس بلدي جديد,مجلس بلدي جديد,مجلس بلدي جديد,مجلس بلدي جديد,مش موافق(ة),لا موافق(ة) لا مش موافق(ة),موافق(ة),مش موافق(ة) بالكل,لاموافق(ة) لا مش موافق(ة),لاموافق(ة) لا مش موافق(ة),موافق(ة),موافق(ة),18-24,أنثى,الجامعي,اكثر من 1200,متزوج(ة),مسؤول(ة),Ben Arous,
28/12/2017 14:54:57,موافق(ة) برشا,موافق(ة) برشا,مش موافق(ة),موافق(ة),موافق(ة),مش موافق(ة),موافق(ة),موافق(ة),مش موافق(ة),موافق(ة),موافق(ة),مش موافق(ة),مش موافق(ة) بالكل,مش موافق(ة) بالكل,مش موافق(ة) بالكل,مش موافق(ة) بالكل,يهمني برشا شكون نختار,مختلفين على بعضهم,يهمني برشا شكون نختار,يهمني برشا,مجلس بلدي جديد,مجلس بلدي جديد,مجلس بلدي جديد,مجلس بلدي جديد,مش موافق(ة) بالكل,مش موافق(ة),موافق(ة),موافق(ة),موافق(ة),لاموافق(ة) لا مش موافق(ة),لا موافق(ة) لا مش موافق(ة),لا موافق(ة) لا مش موافق(ة),18-24,أنثى,الجامعي,اكثر من 1200,عازب(ة),موظف(ة) إداري(ة),بلدية صفاقس المدينة,
28/12/2017 15:00:01,لاموافق(ة) لا مش موافق(ة),موافق(ة),مش موافق(ة),موافق(ة),موافق(ة),مش موافق(ة),موافق(ة),موافق(ة),مش موافق(ة),موافق(ة),موافق(ة),لا موافق(ة) لا مش موافق(ة),مش موافق(ة),مش موافق(ة),مش موافق(ة),موافق(ة),يهمني شكون نختار,كيف كيف  مع شوية اختلاف,يهمني برشا شكون نختار,يهمني برشا,مجلس بلدي جديد,مجلس بلدي جديد,المجلس البلدي الحالي,مجلس بلدي جديد,مش موافق(ة) بالكل,مش موافق(ة),مش موافق(ة),موافق(ة),مش موافق(ة),مش موافق(ة),موافق(ة),موافق(ة),18-24,ذكر,الجامعي,اكثر من 1200,عازب(ة),طالب(ة),Zaghouan,
28/12/2017 15:21:48,موافق(ة) برشا,موافق(ة) برشا,لاموافق(ة) لا مش موافق(ة),موافق(ة),موافق(ة),لا موافق(ة) لا مش موافق(ة),موافق(ة),موافق(ة),لاموافق(ة) لا مش موافق(ة),موافق(ة),موافق(ة),لا موافق(ة) لا مش موافق(ة),موافق(ة),لاٍموافق(ة) لا مش موافق(ة),لاٍموافق(ة) لا مش موافق(ة),موافق(ة),يهمني برشا شكون نختار,مختلفين على بعضهم مع شوية تشابه,يهمني برشا شكون نختار,يهمني برشا,مجلس بلدي جديد,مجلس بلدي جديد,مجلس بلدي جديد,مجلس بلدي جديد,موافق(ة),موافق(ة),موافق(ة) برشا,لا موافق(ة) لا مش موافق(ة),لاموافق(ة) لا مش موافق(ة),موافق(ة),لا موافق(ة) لا مش موافق(ة),لا موافق(ة) لا مش موافق(ة),18-24,أنثى,الجامعي,بين 600 و1200,عازب(ة),بطّال(ة),Bou-Arada,
28/12/2017 15:39:25,موافق(ة),موافق(ة),لاموافق(ة) لا مش موافق(ة),موافق(ة),موافق(ة),لا موافق(ة) لا مش موافق(ة),موافق(ة),موافق(ة),لاموافق(ة) لا مش موافق(ة),موافق(ة),موافق(ة),لا موافق(ة) لا مش موافق(ة),لا موافق(ة) لا مش موافق(ة),لاٍموافق(ة) لا مش موافق(ة),لاٍموافق(ة) لا مش موافق(ة),لا موافق(ة) لا مش موافق(ة),يهمني برشا شكون نختار,مختلفين على بعضهم مع شوية تشابه,يهمني برشا شكون نختار,يهمني برشا,مجلس بلدي جديد,مجلس بلدي جديد,مجلس بلدي جديد,مجلس بلدي جديد,لاموافق(ة) لا مش موافق(ة),موافق(ة),موافق(ة),لا موافق(ة) لا مش موافق(ة),لاموافق(ة) لا مش موافق(ة),موافق(ة),موافق(ة),موافق(ة),18-24,أنثى,الجامعي,أقل من 600,عازب(ة),طالب(ة),الكاف,
28/12/2017 15:45:04,موافق(ة),موافق(ة) برشا,لاموافق(ة) لا مش موافق(ة),موافق(ة),موافق(ة),لا موافق(ة) لا مش موافق(ة),موافق(ة) برشا,موافق(ة) برشا,لاموافق(ة) لا مش موافق(ة),موافق(ة),موافق(ة) برشا,لا موافق(ة) لا مش موافق(ة),لا موافق(ة) لا مش موافق(ة),مش موافق(ة) بالكل,مش موافق(ة),لا موافق(ة) لا مش موافق(ة),لا يهمني لا ميهمنيش شكون نختار,ما عنديش راى,لا يهمني لا ميهمنيش شكون نختار,يهمني,مجلس بلدي جديد,مجلس بلدي جديد,مجلس بلدي جديد,مجلس بلدي جديد,موافق(ة),موافق(ة) برشا,موافق(ة) برشا,لا موافق(ة) لا مش موافق(ة),موافق(ة),موافق(ة),موافق(ة),موافق(ة),18-24,ذكر,الجامعي,اكثر من 1200,عازب(ة),في الدّار (أب أو أم),Raoued,
28/12/2017 15:46:23,موافق(ة),موافق(ة) برشا,مش موافق(ة),لاموافق(ة) لا مش موافق(ة),لاموافق(ة) لا مش موافق(ة),لا موافق(ة) لا مش موافق(ة),موافق(ة),موافق(ة),لاموافق(ة) لا مش موافق(ة),مش موافق(ة),لاموافق(ة) لا مش موافق(ة),لا موافق(ة) لا مش موافق(ة),مش موافق(ة) بالكل,لاٍموافق(ة) لا مش موافق(ة),مش موافق(ة),مش موافق(ة),يهمني برشا شكون نختار,مختلفين على بعضهم مع شوية تشابه,يهمني برشا شكون نختار,يهمني برشا,مجلس بلدي جديد,مجلس بلدي جديد,مجلس بلدي جديد,مجلس بلدي جديد,لاموافق(ة) لا مش موافق(ة),مش موافق(ة),مش موافق(ة) بالكل,لا موافق(ة) لا مش موافق(ة),مش موافق(ة),موافق(ة),موافق(ة) برشا,موافق(ة) برشا,18-24,أنثى,الجامعي,بين 600 و1200,عازب(ة),موظف(ة) إداري(ة),Ariana,
28/12/2017 16:19:15,موافق(ة),موافق(ة),لاموافق(ة) لا مش موافق(ة),موافق(ة),موافق(ة),لا موافق(ة) لا مش موافق(ة),موافق(ة) برشا,موافق(ة) برشا,مش موافق(ة),موافق(ة),موافق(ة),مش موافق(ة),لا موافق(ة) لا مش موافق(ة),لاٍموافق(ة) لا مش موافق(ة),لاٍموافق(ة) لا مش موافق(ة),لا موافق(ة) لا مش موافق(ة),يهمني شكون نختار,مختلفين على بعضهم مع شوية تشابه,يهمني شكون نختار,يهمني,مجلس بلدي جديد,مجلس بلدي جديد,مجلس بلدي جديد,مجلس بلدي جديد,موافق(ة) برشا,موافق(ة),موافق(ة) برشا,موافق(ة),موافق(ة),لاموافق(ة) لا مش موافق(ة),لا موافق(ة) لا مش موافق(ة),لا موافق(ة) لا مش موافق(ة),18-24,أنثى,الدراسات العليا,اكثر من 1200,عازب(ة),طالب(ة),المنزه ,
28/12/2017 16:25:43,مش موافق(ة),مش موافق(ة),موافق(ة),لاموافق(ة) لا مش موافق(ة),مش موافق(ة),مش موافق(ة),مش موافق(ة),مش موافق(ة),موافق(ة),لا موافق(ة) لا مش موافق(ة),لاموافق(ة) لا مش موافق(ة),لا موافق(ة) لا مش موافق(ة),مش موافق(ة),مش موافق(ة),مش موافق(ة),مش موافق(ة),يهمني برشا شكون نختار,مختلفين على بعضهم,يهمني برشا شكون نختار,يهمني برشا,مجلس بلدي جديد,مجلس بلدي جديد,مجلس بلدي جديد,مجلس بلدي جديد,موافق(ة) برشا,موافق(ة) برشا,موافق(ة) برشا,موافق(ة) برشا,موافق(ة) برشا,موافق(ة),موافق(ة) برشا,موافق(ة) برشا,25-34,أنثى,الجامعي,اكثر من 1200,عازب(ة),طالب(ة),بلدية باردو ,
28/12/2017 16:38:50,موافق(ة),موافق(ة),مش موافق(ة) بالكل,موافق(ة),موافق(ة),مش موافق(ة) بالكل,موافق(ة),موافق(ة),مش موافق(ة) بالكل,موافق(ة),موافق(ة),مش موافق(ة) بالكل,موافق(ة),موافق(ة),موافق(ة),موافق(ة),يهمني شكون نختار,مختلفين على بعضهم,يهمني شكون نختار,يهمني,مجلس بلدي جديد,مجلس بلدي جديد,مجلس بلدي جديد,مجلس بلدي جديد,مش موافق(ة),موافق(ة),موافق(ة),موافق(ة),موافق(ة),موافق(ة),موافق(ة),موافق(ة),18-24,أنثى,الجامعي,اكثر من 1200,عازب(ة),طالب(ة),raoued,
28/12/2017 16:40:19,لاموافق(ة) لا مش موافق(ة),مش موافق(ة),مش موافق(ة),مش موافق(ة),مش موافق(ة),مش موافق(ة),موافق(ة) برشا,مش موافق(ة),مش موافق(ة) بالكل,موافق(ة) برشا,مش موافق(ة),مش موافق(ة) بالكل,لا موافق(ة) لا مش موافق(ة),مش موافق(ة),مش موافق(ة),لا موافق(ة) لا مش موافق(ة),يهمني برشا شكون نختار,مختلفين على بعضهم مع شوية تشابه,يهمني برشا شكون نختار,يهمني برشا,مجلس بلدي جديد,مجلس بلدي جديد,مجلس بلدي جديد,مجلس بلدي جديد,مش موافق(ة),مش موافق(ة),موافق(ة),موافق(ة),مش موافق(ة),لاموافق(ة) لا مش موافق(ة),موافق(ة),موافق(ة),18-24,ذكر,الجامعي,اكثر من 1200,عازب(ة),طالب(ة),Nabeul,
28/12/2017 16:54:56,لاموافق(ة) لا مش موافق(ة),لاموافق(ة) لا مش موافق(ة),لاموافق(ة) لا مش موافق(ة),موافق(ة),موافق(ة),مش موافق(ة),موافق(ة) برشا,موافق(ة) برشا,مش موافق(ة),موافق(ة) برشا,موافق(ة) برشا,مش موافق(ة) بالكل,مش موافق(ة),مش موافق(ة),مش موافق(ة),مش موافق(ة),يهمني شكون نختار,ما عنديش راى,يهمني شكون نختار,يهمني برشا,مجلس بلدي جديد,مجلس بلدي جديد,مجلس بلدي جديد,مجلس بلدي جديد,موافق(ة),موافق(ة),موافق(ة),موافق(ة),موافق(ة),لاموافق(ة) لا مش موافق(ة),موافق(ة),موافق(ة),18-24,ذكر,الجامعي,بين 600 و1200,عازب(ة),طالب(ة),قابس المدينة ,
28/12/2017 16:57:26,موافق(ة),موافق(ة),لاموافق(ة) لا مش موافق(ة),موافق(ة) برشا,موافق(ة),لا موافق(ة) لا مش موافق(ة),موافق(ة) برشا,موافق(ة) برشا,لاموافق(ة) لا مش موافق(ة),موافق(ة) برشا,موافق(ة),لا موافق(ة) لا مش موافق(ة),لا موافق(ة) لا مش موافق(ة),لاٍموافق(ة) لا مش موافق(ة),موافق(ة),لا موافق(ة) لا مش موافق(ة),يهمني برشا شكون نختار,كيف كيف  مع شوية اختلاف,يهمني شكون نختار,يهمني برشا,مجلس بلدي جديد,مجلس بلدي جديد,مجلس بلدي جديد,مجلس بلدي جديد,مش موافق(ة),مش موافق(ة) بالكل,موافق(ة),مش موافق(ة) بالكل,موافق(ة) برشا,موافق(ة),موافق(ة),موافق(ة),18-24,ذكر,الدراسات العليا,اكثر من 1200,عازب(ة),طالب(ة),Ezzahra,
28/12/2017 17:28:05,لاموافق(ة) لا مش موافق(ة),موافق(ة),لاموافق(ة) لا مش موافق(ة),موافق(ة) برشا,موافق(ة),موافق(ة),موافق(ة),موافق(ة),موافق(ة),لا موافق(ة) لا مش موافق(ة),لاموافق(ة) لا مش موافق(ة),لا موافق(ة) لا مش موافق(ة),مش موافق(ة),مش موافق(ة),مش موافق(ة),مش موافق(ة),يهمني برشا شكون نختار,كيف كيف  مع شوية اختلاف,يهمني برشا شكون نختار,يهمني برشا,مجلس بلدي جديد,مجلس بلدي جديد,مجلس بلدي جديد,مجلس بلدي جديد,مش موافق(ة),مش موافق(ة),موافق(ة),لا موافق(ة) لا مش موافق(ة),مش موافق(ة) بالكل,لاموافق(ة) لا مش موافق(ة),لا موافق(ة) لا مش موافق(ة),لا موافق(ة) لا مش موافق(ة),18-24,أنثى,الجامعي,بين 600 و1200,عازب(ة),طالب(ة),Ettahrir,
28/12/2017 17:28:33,لاموافق(ة) لا مش موافق(ة),مش موافق(ة),لاموافق(ة) لا مش موافق(ة),موافق(ة),لاموافق(ة) لا مش موافق(ة),مش موافق(ة),مش موافق(ة),لاموافق(ة) لا مش موافق(ة),لاموافق(ة) لا مش موافق(ة),مش موافق(ة),مش موافق(ة),مش موافق(ة),مش موافق(ة),مش موافق(ة),مش موافق(ة),مش موافق(ة),يهمني شكون نختار,مختلفين على بعضهم مع شوية تشابه,يهمني شكون نختار,يهمني,مجلس بلدي جديد,مجلس بلدي جديد,مجلس بلدي جديد,مجلس بلدي جديد,موافق(ة) برشا,مش موافق(ة),مش موافق(ة),لا موافق(ة) لا مش موافق(ة),مش موافق(ة),لاموافق(ة) لا مش موافق(ة),موافق(ة),لا موافق(ة) لا مش موافق(ة),55-64,أنثى,الجامعي,اكثر من 1200,متزوج(ة),موظف(ة) إداري(ة),rawed,
28/12/2017 17:28:47,موافق(ة),موافق(ة) برشا,موافق(ة),لاموافق(ة) لا مش موافق(ة),لاموافق(ة) لا مش موافق(ة),موافق(ة),لاٍموافق(ة) لا مش موافق(ة),لاموافق(ة) لا مش موافق(ة),لاموافق(ة) لا مش موافق(ة),موافق(ة),موافق(ة),موافق(ة),موافق(ة) برشا,موافق(ة) برشا,موافق(ة) برشا,موافق(ة) برشا,يهمني شكون نختار,مختلفين على بعضهم مع شوية تشابه,يهمني شكون نختار,يهمني,مجلس بلدي جديد,مجلس بلدي جديد,مجلس بلدي جديد,مجلس بلدي جديد,لاموافق(ة) لا مش موافق(ة),لا موافق(ة) لا مش موافق(ة),لاموافق(ة) لا مش موافق(ة),لا موافق(ة) لا مش موافق(ة),موافق(ة),موافق(ة),موافق(ة),موافق(ة),18-24,أنثى,ثانوي,أقل من 600,عازب(ة),بطّال(ة),طبلبة,
28/12/2017 17:41:53,موافق(ة) برشا,موافق(ة) برشا,لاموافق(ة) لا مش موافق(ة),موافق(ة) برشا,موافق(ة) برشا,لا موافق(ة) لا مش موافق(ة),موافق(ة) برشا,موافق(ة) برشا,لاموافق(ة) لا مش موافق(ة),موافق(ة) برشا,موافق(ة) برشا,لا موافق(ة) لا مش موافق(ة),لا موافق(ة) لا مش موافق(ة),موافق(ة),موافق(ة),لا موافق(ة) لا مش موافق(ة),يهمني برشا شكون نختار,مختلفين على بعضهم,يهمني برشا شكون نختار,يهمني,مجلس بلدي جديد,مجلس بلدي جديد,مجلس بلدي جديد,مجلس بلدي جديد,موافق(ة),موافق(ة),موافق(ة),موافق(ة),موافق(ة),موافق(ة) برشا,موافق(ة) برشا,موافق(ة) برشا,35-44,ذكر,الجامعي,اكثر من 1200,متزوج(ة),موظف(ة) إداري(ة),مرناق ,
28/12/2017 17:44:52,لاموافق(ة) لا مش موافق(ة),لاموافق(ة) لا مش موافق(ة),لاموافق(ة) لا مش موافق(ة),موافق(ة),موافق(ة),مش موافق(ة),موافق(ة) برشا,موافق(ة) برشا,مش موافق(ة),موافق(ة) برشا,موافق(ة),مش موافق(ة),لا موافق(ة) لا مش موافق(ة),لاٍموافق(ة) لا مش موافق(ة),لاٍموافق(ة) لا مش موافق(ة),لا موافق(ة) لا مش موافق(ة),يهمني شكون نختار,مختلفين على بعضهم مع شوية تشابه,يهمني برشا شكون نختار,يهمني,مجلس بلدي جديد,مجلس بلدي جديد,مجلس بلدي جديد,مجلس بلدي جديد,لاموافق(ة) لا مش موافق(ة),لا موافق(ة) لا مش موافق(ة),موافق(ة),لا موافق(ة) لا مش موافق(ة),لاموافق(ة) لا مش موافق(ة),لاموافق(ة) لا مش موافق(ة),لا موافق(ة) لا مش موافق(ة),لا موافق(ة) لا مش موافق(ة),25-34,أنثى,الدراسات العليا,اكثر من 1200,عازب(ة),باعث(ة) مشروع ، فلاح(ة) ، تاجر(ة),Oued Ellil,
28/12/2017 17:49:53,موافق(ة),موافق(ة),لاموافق(ة) لا مش موافق(ة),موافق(ة),موافق(ة),لا موافق(ة) لا مش موافق(ة),موافق(ة),موافق(ة),لاموافق(ة) لا مش موافق(ة),موافق(ة),موافق(ة),لا موافق(ة) لا مش موافق(ة),لا موافق(ة) لا مش موافق(ة),لاٍموافق(ة) لا مش موافق(ة),لاٍموافق(ة) لا مش موافق(ة),لا موافق(ة) لا مش موافق(ة),يهمني برشا شكون نختار,مختلفين على بعضهم مع شوية تشابه,يهمني برشا شكون نختار,يهمني برشا,مجلس بلدي جديد,مجلس بلدي جديد,مجلس بلدي جديد,مجلس بلدي جديد,موافق(ة),موافق(ة),موافق(ة) برشا,موافق(ة),موافق(ة),لاموافق(ة) لا مش موافق(ة),موافق(ة),موافق(ة),25-34,أنثى,الدراسات العليا,اكثر من 1200,عازب(ة),موظف(ة) إداري(ة),بلدية رواد حي الغزالة 1,
28/12/2017 17:50:49,موافق(ة) برشا,موافق(ة) برشا,مش موافق(ة) بالكل,موافق(ة) برشا,موافق(ة) برشا,مش موافق(ة) بالكل,موافق(ة) برشا,موافق(ة) برشا,مش موافق(ة) بالكل,موافق(ة),موافق(ة),موافق(ة),لا موافق(ة) لا مش موافق(ة),لاٍموافق(ة) لا مش موافق(ة),لاٍموافق(ة) لا مش موافق(ة),لا موافق(ة) لا مش موافق(ة),يهمني برشا شكون نختار,ما عنديش راى,يهمني شكون نختار,يهمني,مجلس بلدي جديد,مجلس بلدي جديد,مجلس بلدي جديد,مجلس بلدي جديد,مش موافق(ة),مش موافق(ة) بالكل,موافق(ة),موافق(ة),موافق(ة),لاموافق(ة) لا مش موافق(ة),لا موافق(ة) لا مش موافق(ة),لا موافق(ة) لا مش موافق(ة),18-24,أنثى,الدراسات العليا,أقل من 600,عازب(ة),طالب(ة),باجة الجنوبية,
28/12/2017 17:54:23,موافق(ة),موافق(ة),مش موافق(ة),موافق(ة) برشا,موافق(ة) برشا,مش موافق(ة) بالكل,موافق(ة) برشا,موافق(ة) برشا,موافق(ة) برشا,لا موافق(ة) لا مش موافق(ة),لاموافق(ة) لا مش موافق(ة),لا موافق(ة) لا مش موافق(ة),موافق(ة),موافق(ة),موافق(ة),موافق(ة),يهمني برشا شكون نختار,ما عنديش راى,يهمني برشا شكون نختار,يهمني,مجلس بلدي جديد,مجلس بلدي جديد,مجلس بلدي جديد,مجلس بلدي جديد,مش موافق(ة) بالكل,مش موافق(ة),موافق(ة) برشا,لا موافق(ة) لا مش موافق(ة),موافق(ة),لاموافق(ة) لا مش موافق(ة),مانيش موافق(ة),مانيش موافق(ة) جملة,18-24,ذكر,الجامعي,أقل من 600,عازب(ة),طالب(ة),منزل جميل,
28/12/2017 18:14:04,موافق(ة),موافق(ة),مش موافق(ة),موافق(ة) برشا,موافق(ة) برشا,مش موافق(ة) بالكل,موافق(ة),موافق(ة),مش موافق(ة),موافق(ة),موافق(ة),مش موافق(ة),مش موافق(ة),مش موافق(ة),مش موافق(ة),مش موافق(ة),يهمني برشا شكون نختار,مختلفين على بعضهم,يهمني برشا شكون نختار,يهمني برشا,مجلس بلدي جديد,مجلس بلدي جديد,مجلس بلدي جديد,مجلس بلدي جديد,مش موافق(ة),مش موافق(ة),موافق(ة),مش موافق(ة),لاموافق(ة) لا مش موافق(ة),لاموافق(ة) لا مش موافق(ة),موافق(ة),موافق(ة),18-24,ذكر,الدراسات العليا,اكثر من 1200,عازب(ة),بطّال(ة),sokra,
28/12/2017 18:24:59,موافق(ة),موافق(ة),موافق(ة),موافق(ة) برشا,موافق(ة) برشا,لا موافق(ة) لا مش موافق(ة),لاٍموافق(ة) لا مش موافق(ة),موافق(ة),لاموافق(ة) لا مش موافق(ة),موافق(ة) برشا,موافق(ة) برشا,موافق(ة),موافق(ة),موافق(ة),موافق(ة),موافق(ة),لا يهمني لا ميهمنيش شكون نختار,مختلفين على بعضهم مع شوية تشابه,يهمني شكون نختار,يهمني,مجلس بلدي جديد,مجلس بلدي جديد,مجلس بلدي جديد,مجلس بلدي جديد,لاموافق(ة) لا مش موافق(ة),لا موافق(ة) لا مش موافق(ة),موافق(ة) برشا,موافق(ة),موافق(ة),موافق(ة),موافق(ة),موافق(ة),25-34,ذكر,الدراسات العليا,اكثر من 1200,عازب(ة),موظف(ة) إداري(ة),بشري,
28/12/2017 18:33:37,مش موافق(ة),مش موافق(ة),موافق(ة),مش موافق(ة),مش موافق(ة),موافق(ة),مش موافق(ة),موافق(ة),لاموافق(ة) لا مش موافق(ة),موافق(ة),مش موافق(ة),مش موافق(ة),مش موافق(ة),موافق(ة),موافق(ة),موافق(ة),يهمني شكون نختار,مختلفين على بعضهم,يهمني برشا شكون نختار,يهمني برشا,المجلس البلدي الحالي,المجلس البلدي الحالي,المجلس البلدي الحالي,المجلس البلدي الحالي,مش موافق(ة),مش موافق(ة),موافق(ة) برشا,مش موافق(ة),مش موافق(ة),موافق(ة) برشا,موافق(ة) برشا,موافق(ة) برشا,25-34,ذكر,الدراسات العليا,بين 600 و1200,عازب(ة),موظف(ة) إداري(ة),عوسجة ,
28/12/2017 18:44:37,موافق(ة) برشا,موافق(ة) برشا,لاموافق(ة) لا مش موافق(ة),موافق(ة),موافق(ة),لا موافق(ة) لا مش موافق(ة),موافق(ة) برشا,موافق(ة) برشا,مش موافق(ة) بالكل,لا موافق(ة) لا مش موافق(ة),لاموافق(ة) لا مش موافق(ة),لا موافق(ة) لا مش موافق(ة),مش موافق(ة),مش موافق(ة),مش موافق(ة),مش موافق(ة),يهمني برشا شكون نختار,كيف كيف  مع شوية اختلاف,يهمني برشا شكون نختار,يهمني برشا,مجلس بلدي جديد,مجلس بلدي جديد,مجلس بلدي جديد,مجلس بلدي جديد,مش موافق(ة) بالكل,مش موافق(ة) بالكل,موافق(ة) برشا,لا موافق(ة) لا مش موافق(ة),لاموافق(ة) لا مش موافق(ة),لاموافق(ة) لا مش موافق(ة),موافق(ة),موافق(ة),18-24,أنثى,الجامعي,اكثر من 1200,عازب(ة),طالب(ة),بلدية منزل شاكر صفاقس,
28/12/2017 19:00:56,موافق(ة) برشا,موافق(ة),مش موافق(ة),موافق(ة),موافق(ة),مش موافق(ة),موافق(ة) برشا,موافق(ة) برشا,مش موافق(ة),موافق(ة),موافق(ة),مش موافق(ة),مش موافق(ة),مش موافق(ة),مش موافق(ة),مش موافق(ة),يهمني برشا شكون نختار,مختلفين على بعضهم مع شوية تشابه,يهمني برشا شكون نختار,يهمني برشا,مجلس بلدي جديد,مجلس بلدي جديد,مجلس بلدي جديد,مجلس بلدي جديد,موافق(ة),موافق(ة),موافق(ة),موافق(ة),موافق(ة),موافق(ة),موافق(ة),موافق(ة),25-34,أنثى,الجامعي,بين 600 و1200,عازب(ة),موظف(ة) إداري(ة),جندوبة,
28/12/2017 19:20:53,لاموافق(ة) لا مش موافق(ة),موافق(ة),موافق(ة),موافق(ة) برشا,موافق(ة) برشا,لا موافق(ة) لا مش موافق(ة),لاٍموافق(ة) لا مش موافق(ة),لاموافق(ة) لا مش موافق(ة),موافق(ة),لا موافق(ة) لا مش موافق(ة),لاموافق(ة) لا مش موافق(ة),لا موافق(ة) لا مش موافق(ة),لا موافق(ة) لا مش موافق(ة),لاٍموافق(ة) لا مش موافق(ة),لاٍموافق(ة) لا مش موافق(ة),لا موافق(ة) لا مش موافق(ة),يهمني شكون نختار,مختلفين على بعضهم مع شوية تشابه,يهمني برشا شكون نختار,يهمني برشا,مجلس بلدي جديد,مجلس بلدي جديد,المجلس البلدي الحالي,مجلس بلدي جديد,موافق(ة),لا موافق(ة) لا مش موافق(ة),موافق(ة),موافق(ة),موافق(ة),لاموافق(ة) لا مش موافق(ة),لا موافق(ة) لا مش موافق(ة),موافق(ة) برشا,35-44,ذكر,الدراسات العليا,اكثر من 1200,عازب(ة),موظف(ة) إداري(ة),Ceci enlève l’unanimité ,
28/12/2017 19:28:32,موافق(ة) برشا,موافق(ة) برشا,مش موافق(ة),موافق(ة) برشا,مش موافق(ة),مش موافق(ة) بالكل,موافق(ة) برشا,موافق(ة) برشا,مش موافق(ة) بالكل,موافق(ة) برشا,موافق(ة) برشا,مش موافق(ة) بالكل,مش موافق(ة),مش موافق(ة),مش موافق(ة),مش موافق(ة),يهمني برشا شكون نختار,كيف كيف,يهمني برشا شكون نختار,يهمني برشا,مجلس بلدي جديد,مجلس بلدي جديد,مجلس بلدي جديد,مجلس بلدي جديد,موافق(ة),موافق(ة),موافق(ة) برشا,مش موافق(ة),موافق(ة),لاموافق(ة) لا مش موافق(ة),لا موافق(ة) لا مش موافق(ة),لا موافق(ة) لا مش موافق(ة),25-34,ذكر,الدراسات العليا,اكثر من 1200,عازب(ة),طالب(ة),la goulette,موافق(ة) برشا
28/12/2017 19:29:33,لاموافق(ة) لا مش موافق(ة),لاموافق(ة) لا مش موافق(ة),مش موافق(ة),موافق(ة),موافق(ة),مش موافق(ة),موافق(ة),لاموافق(ة) لا مش موافق(ة),لاموافق(ة) لا مش موافق(ة),لا موافق(ة) لا مش موافق(ة),لاموافق(ة) لا مش موافق(ة),مش موافق(ة),مش موافق(ة),مش موافق(ة),مش موافق(ة),مش موافق(ة),يهمني برشا شكون نختار,مختلفين على بعضهم مع شوية تشابه,يهمني برشا شكون نختار,يهمني برشا,مجلس بلدي جديد,مجلس بلدي جديد,مجلس بلدي جديد,مجلس بلدي جديد,لاموافق(ة) لا مش موافق(ة),لا موافق(ة) لا مش موافق(ة),لاموافق(ة) لا مش موافق(ة),موافق(ة),موافق(ة),لاموافق(ة) لا مش موافق(ة),موافق(ة),موافق(ة),18-24,أنثى,الجامعي,بين 600 و1200,عازب(ة),طالب(ة),Zaghouan,لاموافق(ة) لا مش موافق(ة)
28/12/2017 19:36:58,موافق(ة) برشا,موافق(ة),مش موافق(ة),موافق(ة),موافق(ة),مش موافق(ة),موافق(ة),موافق(ة),مش موافق(ة),مش موافق(ة),مش موافق(ة),موافق(ة),مش موافق(ة),مش موافق(ة),مش موافق(ة),مش موافق(ة),يهمني برشا شكون نختار,مختلفين على بعضهم مع شوية تشابه,يهمني برشا شكون نختار,يهمني برشا,مجلس بلدي جديد,مجلس بلدي جديد,مجلس بلدي جديد,مجلس بلدي جديد,موافق(ة) برشا,موافق(ة),موافق(ة) برشا,موافق(ة),لاموافق(ة) لا مش موافق(ة),موافق(ة),موافق(ة),موافق(ة) برشا,18-24,أنثى,الجامعي,بين 600 و1200,عازب(ة),طالب(ة),Ariana,موافق(ة) برشا
28/12/2017 19:46:03,موافق(ة) برشا,موافق(ة),مش موافق(ة) بالكل,موافق(ة),موافق(ة) برشا,مش موافق(ة) بالكل,موافق(ة) برشا,موافق(ة) برشا,مش موافق(ة) بالكل,موافق(ة),موافق(ة),لا موافق(ة) لا مش موافق(ة),لا موافق(ة) لا مش موافق(ة),لاٍموافق(ة) لا مش موافق(ة),لاٍموافق(ة) لا مش موافق(ة),لا موافق(ة) لا مش موافق(ة),يهمني برشا شكون نختار,ما عنديش راى,يهمني برشا شكون نختار,يهمني برشا,مجلس بلدي جديد,مجلس بلدي جديد,مجلس بلدي جديد,مجلس بلدي جديد,لاموافق(ة) لا مش موافق(ة),لا موافق(ة) لا مش موافق(ة),لاموافق(ة) لا مش موافق(ة),لا موافق(ة) لا مش موافق(ة),لاموافق(ة) لا مش موافق(ة),لاموافق(ة) لا مش موافق(ة),موافق(ة),موافق(ة),18-24,أنثى,الجامعي,بين 600 و1200,عازب(ة),طالب(ة),Tunis,موافق(ة) برشا
28/12/2017 19:50:37,مش موافق(ة),موافق(ة),مش موافق(ة),مش موافق(ة),موافق(ة),مش موافق(ة),موافق(ة),موافق(ة),موافق(ة),لا موافق(ة) لا مش موافق(ة),موافق(ة),مش موافق(ة),موافق(ة),موافق(ة),موافق(ة),موافق(ة),يهمني شكون نختار,ما عنديش راى,يهمني شكون نختار,لا يهمني لا ميهمنيش,مجلس بلدي جديد,مجلس بلدي جديد,مجلس بلدي جديد,مجلس بلدي جديد,مش موافق(ة),مش موافق(ة),مش موافق(ة),لا موافق(ة) لا مش موافق(ة),مش موافق(ة),لاموافق(ة) لا مش موافق(ة),لا موافق(ة) لا مش موافق(ة),لا موافق(ة) لا مش موافق(ة),18-24,أنثى,الجامعي,اكثر من 1200,عازب(ة),طالب(ة),ariana,لاموافق(ة) لا مش موافق(ة)
28/12/2017 19:52:19,لاموافق(ة) لا مش موافق(ة),لاموافق(ة) لا مش موافق(ة),لاموافق(ة) لا مش موافق(ة),لاموافق(ة) لا مش موافق(ة),لاموافق(ة) لا مش موافق(ة),لا موافق(ة) لا مش موافق(ة),لاٍموافق(ة) لا مش موافق(ة),لاموافق(ة) لا مش موافق(ة),لاموافق(ة) لا مش موافق(ة),لا موافق(ة) لا مش موافق(ة),لاموافق(ة) لا مش موافق(ة),لا موافق(ة) لا مش موافق(ة),لا موافق(ة) لا مش موافق(ة),لاٍموافق(ة) لا مش موافق(ة),لاٍموافق(ة) لا مش موافق(ة),لا موافق(ة) لا مش موافق(ة),لا يهمني لا ميهمنيش شكون نختار,ما عنديش راى,لا يهمني لا ميهمنيش شكون نختار,لا يهمني لا ميهمنيش,مجلس بلدي جديد,مجلس بلدي جديد,مجلس بلدي جديد,مجلس بلدي جديد,لاموافق(ة) لا مش موافق(ة),لا موافق(ة) لا مش موافق(ة),لاموافق(ة) لا مش موافق(ة),لا موافق(ة) لا مش موافق(ة),لاموافق(ة) لا مش موافق(ة),لاموافق(ة) لا مش موافق(ة),لا موافق(ة) لا مش موافق(ة),لا موافق(ة) لا مش موافق(ة),18-24,أنثى,الجامعي,اكثر من 1200,عازب(ة),طالب(ة),mourouj,لاموافق(ة) لا مش موافق(ة)
28/12/2017 19:52:23,موافق(ة) برشا,موافق(ة) برشا,لاموافق(ة) لا مش موافق(ة),لاموافق(ة) لا مش موافق(ة),لاموافق(ة) لا مش موافق(ة),مش موافق(ة),موافق(ة),موافق(ة) برشا,مش موافق(ة) بالكل,لا موافق(ة) لا مش موافق(ة),موافق(ة) برشا,مش موافق(ة) بالكل,لا موافق(ة) لا مش موافق(ة),لاٍموافق(ة) لا مش موافق(ة),لاٍموافق(ة) لا مش موافق(ة),لا موافق(ة) لا مش موافق(ة),يهمني شكون نختار,كيف كيف,لا يهمني لا ميهمنيش شكون نختار,لا يهمني لا ميهمنيش,المجلس البلدي الحالي,المجلس البلدي الحالي,المجلس البلدي الحالي,المجلس البلدي الحالي,موافق(ة),موافق(ة),موافق(ة),موافق(ة),موافق(ة),لاموافق(ة) لا مش موافق(ة),لا موافق(ة) لا مش موافق(ة),لا موافق(ة) لا مش موافق(ة),18-24,أنثى,الجامعي,اكثر من 1200,عازب(ة),طالب(ة),Ariana,موافق(ة)
28/12/2017 19:52:45,موافق(ة) برشا,موافق(ة) برشا,مش موافق(ة) بالكل,موافق(ة) برشا,موافق(ة) برشا,مش موافق(ة) بالكل,موافق(ة) برشا,موافق(ة) برشا,مش موافق(ة) بالكل,موافق(ة) برشا,موافق(ة) برشا,مش موافق(ة) بالكل,موافق(ة) برشا,لاٍموافق(ة) لا مش موافق(ة),لاٍموافق(ة) لا مش موافق(ة),مش موافق(ة),يهمني برشا شكون نختار,مختلفين على بعضهم,يهمني برشا شكون نختار,لا يهمني لا ميهمنيش,مجلس بلدي جديد,مجلس بلدي جديد,مجلس بلدي جديد,مجلس بلدي جديد,موافق(ة),موافق(ة),موافق(ة),مش موافق(ة) بالكل,موافق(ة),مش موافق(ة) بالكل,مانيش موافق(ة) جملة,مانيش موافق(ة) جملة,25-34,ذكر,الجامعي,اكثر من 1200,عازب(ة),طالب(ة),nabeul,موافق(ة) برشا
28/12/2017 19:52:52,مش موافق(ة),موافق(ة),مش موافق(ة),موافق(ة),مش موافق(ة),مش موافق(ة),موافق(ة) برشا,موافق(ة) برشا,مش موافق(ة) بالكل,موافق(ة) برشا,موافق(ة),مش موافق(ة) بالكل,لا موافق(ة) لا مش موافق(ة),مش موافق(ة),مش موافق(ة),مش موافق(ة),يهمني شكون نختار,كيف كيف  مع شوية اختلاف,لا يهمني لا ميهمنيش شكون نختار,يهمني,مجلس بلدي جديد,مجلس بلدي جديد,مجلس بلدي جديد,مجلس بلدي جديد,مش موافق(ة),مش موافق(ة),موافق(ة),لا موافق(ة) لا مش موافق(ة),لاموافق(ة) لا مش موافق(ة),موافق(ة),لا موافق(ة) لا مش موافق(ة),موافق(ة),18-24,أنثى,الجامعي,بين 600 و1200,عازب(ة),موظف(ة) إداري(ة),Soliman,لاموافق(ة) لا مش موافق(ة)
28/12/2017 19:56:11,موافق(ة) برشا,موافق(ة),لاموافق(ة) لا مش موافق(ة),موافق(ة),موافق(ة),لا موافق(ة) لا مش موافق(ة),موافق(ة),موافق(ة),لاموافق(ة) لا مش موافق(ة),لا موافق(ة) لا مش موافق(ة),موافق(ة),لا موافق(ة) لا مش موافق(ة),لا موافق(ة) لا مش موافق(ة),لاٍموافق(ة) لا مش موافق(ة),لاٍموافق(ة) لا مش موافق(ة),لا موافق(ة) لا مش موافق(ة),يهمني برشا شكون نختار,كيف كيف,يهمني شكون نختار,يهمني,مجلس بلدي جديد,مجلس بلدي جديد,المجلس البلدي الحالي,مجلس بلدي جديد,لاموافق(ة) لا مش موافق(ة),لا موافق(ة) لا مش موافق(ة),لاموافق(ة) لا مش موافق(ة),لا موافق(ة) لا مش موافق(ة),لاموافق(ة) لا مش موافق(ة),لاموافق(ة) لا مش موافق(ة),لا موافق(ة) لا مش موافق(ة),لا موافق(ة) لا مش موافق(ة),18-24,أنثى,الجامعي,أقل من 600,عازب(ة),طالب(ة),Teboursouk,موافق(ة) برشا
28/12/2017 20:21:32,لاموافق(ة) لا مش موافق(ة),لاموافق(ة) لا مش موافق(ة),لاموافق(ة) لا مش موافق(ة),موافق(ة),موافق(ة),لا موافق(ة) لا مش موافق(ة),موافق(ة),موافق(ة),لاموافق(ة) لا مش موافق(ة),موافق(ة),موافق(ة),لا موافق(ة) لا مش موافق(ة),موافق(ة),موافق(ة),موافق(ة),موافق(ة),يهمني شكون نختار,مختلفين على بعضهم,يهمني شكون نختار,يهمني برشا,مجلس بلدي جديد,مجلس بلدي جديد,مجلس بلدي جديد,مجلس بلدي جديد,موافق(ة),لا موافق(ة) لا مش موافق(ة),موافق(ة),موافق(ة),موافق(ة) برشا,موافق(ة),موافق(ة),موافق(ة),55-64,ذكر,الجامعي,بين 600 و1200,متزوج(ة),متقاعد(ة),Raoued,
28/12/2017 20:31:20,موافق(ة),موافق(ة),مش موافق(ة),موافق(ة),موافق(ة),مش موافق(ة),موافق(ة),موافق(ة),مش موافق(ة),موافق(ة),موافق(ة),مش موافق(ة),لا موافق(ة) لا مش موافق(ة),لاٍموافق(ة) لا مش موافق(ة),لاٍموافق(ة) لا مش موافق(ة),لا موافق(ة) لا مش موافق(ة),يهمني شكون نختار,مختلفين على بعضهم,يهمني شكون نختار,يهمني,مجلس بلدي جديد,مجلس بلدي جديد,مجلس بلدي جديد,مجلس بلدي جديد,مش موافق(ة),موافق(ة),موافق(ة),مش موافق(ة) بالكل,موافق(ة),موافق(ة),موافق(ة),موافق(ة),18-24,ذكر,الجامعي,أقل من 600,عازب(ة),طالب(ة),Ezzahra,
28/12/2017 20:45:31,موافق(ة) برشا,لاموافق(ة) لا مش موافق(ة),لاموافق(ة) لا مش موافق(ة),لاموافق(ة) لا مش موافق(ة),موافق(ة),مش موافق(ة),موافق(ة) برشا,موافق(ة) برشا,مش موافق(ة) بالكل,مش موافق(ة),موافق(ة),مش موافق(ة) بالكل,موافق(ة),موافق(ة),موافق(ة),موافق(ة),يهمني شكون نختار,كيف كيف,يهمني شكون نختار,يهمني,مجلس بلدي جديد,مجلس بلدي جديد,مجلس بلدي جديد,مجلس بلدي جديد,مش موافق(ة) بالكل,مش موافق(ة),لاموافق(ة) لا مش موافق(ة),لا موافق(ة) لا مش موافق(ة),موافق(ة),موافق(ة),موافق(ة) برشا,موافق(ة),18-24,أنثى,الجامعي,بين 600 و1200,عازب(ة),طالب(ة),baladeyet el mourouj 1,
28/12/2017 20:47:53,لاموافق(ة) لا مش موافق(ة),لاموافق(ة) لا مش موافق(ة),لاموافق(ة) لا مش موافق(ة),موافق(ة),لاموافق(ة) لا مش موافق(ة),لا موافق(ة) لا مش موافق(ة),لاٍموافق(ة) لا مش موافق(ة),مش موافق(ة),لاموافق(ة) لا مش موافق(ة),لا موافق(ة) لا مش موافق(ة),لاموافق(ة) لا مش موافق(ة),موافق(ة),لا موافق(ة) لا مش موافق(ة),لاٍموافق(ة) لا مش موافق(ة),لاٍموافق(ة) لا مش موافق(ة),لا موافق(ة) لا مش موافق(ة),يهمني برشا شكون نختار,مختلفين على بعضهم,يهمني برشا شكون نختار,يهمني,مجلس بلدي جديد,مجلس بلدي جديد,مجلس بلدي جديد,مجلس بلدي جديد,لاموافق(ة) لا مش موافق(ة),لا موافق(ة) لا مش موافق(ة),موافق(ة),مش موافق(ة),موافق(ة),مش موافق(ة) بالكل,لا موافق(ة) لا مش موافق(ة),لا موافق(ة) لا مش موافق(ة),55-64,ذكر,الجامعي,اكثر من 1200,متزوج(ة),متقاعد(ة),Raoued.,
28/12/2017 21:08:58,موافق(ة) برشا,موافق(ة) برشا,مش موافق(ة) بالكل,موافق(ة) برشا,موافق(ة) برشا,مش موافق(ة) بالكل,موافق(ة) برشا,موافق(ة) برشا,مش موافق(ة) بالكل,موافق(ة) برشا,موافق(ة) برشا,مش موافق(ة) بالكل,موافق(ة),لاٍموافق(ة) لا مش موافق(ة),لاٍموافق(ة) لا مش موافق(ة),لا موافق(ة) لا مش موافق(ة),لا يهمني لا ميهمنيش شكون نختار,ما عنديش راى,لا يهمني لا ميهمنيش شكون نختار,لا يهمني لا ميهمنيش,مجلس بلدي جديد,مجلس بلدي جديد,مجلس بلدي جديد,مجلس بلدي جديد,موافق(ة),موافق(ة),لاموافق(ة) لا مش موافق(ة),موافق(ة),لاموافق(ة) لا مش موافق(ة),لاموافق(ة) لا مش موافق(ة),لا موافق(ة) لا مش موافق(ة),لا موافق(ة) لا مش موافق(ة),18-24,أنثى,الجامعي,اكثر من 1200,عازب(ة),بطّال(ة),Baladiet mourouj,
28/12/2017 21:13:05,مش موافق(ة),مش موافق(ة),مش موافق(ة),لاموافق(ة) لا مش موافق(ة),لاموافق(ة) لا مش موافق(ة),لا موافق(ة) لا مش موافق(ة),موافق(ة) برشا,موافق(ة) برشا,مش موافق(ة) بالكل,لا موافق(ة) لا مش موافق(ة),لاموافق(ة) لا مش موافق(ة),لا موافق(ة) لا مش موافق(ة),موافق(ة),لاٍموافق(ة) لا مش موافق(ة),لاٍموافق(ة) لا مش موافق(ة),موافق(ة),يهمني برشا شكون نختار,مختلفين على بعضهم مع شوية تشابه,يهمني برشا شكون نختار,يهمني,مجلس بلدي جديد,مجلس بلدي جديد,المجلس البلدي الحالي,مجلس بلدي جديد,موافق(ة) برشا,موافق(ة),لاموافق(ة) لا مش موافق(ة),موافق(ة),لاموافق(ة) لا مش موافق(ة),موافق(ة),موافق(ة) برشا,موافق(ة),45-54,أنثى,أمي(ة),بين 600 و1200,عازب(ة),في الدّار (أب أو أم),ariana ,
28/12/2017 21:35:49,موافق(ة) برشا,موافق(ة) برشا,مش موافق(ة) بالكل,موافق(ة) برشا,موافق(ة) برشا,مش موافق(ة) بالكل,موافق(ة) برشا,موافق(ة) برشا,مش موافق(ة) بالكل,موافق(ة) برشا,موافق(ة) برشا,مش موافق(ة) بالكل,لا موافق(ة) لا مش موافق(ة),لاٍموافق(ة) لا مش موافق(ة),لاٍموافق(ة) لا مش موافق(ة),لا موافق(ة) لا مش موافق(ة),لا يهمني لا ميهمنيش شكون نختار,ما عنديش راى,لا يهمني لا ميهمنيش شكون نختار,لا يهمني لا ميهمنيش,مجلس بلدي جديد,مجلس بلدي جديد,مجلس بلدي جديد,مجلس بلدي جديد,لاموافق(ة) لا مش موافق(ة),لا موافق(ة) لا مش موافق(ة),لاموافق(ة) لا مش موافق(ة),لا موافق(ة) لا مش موافق(ة),لاموافق(ة) لا مش موافق(ة),لاموافق(ة) لا مش موافق(ة),لا موافق(ة) لا مش موافق(ة),لا موافق(ة) لا مش موافق(ة),25-34,ذكر,الجامعي,اكثر من 1200,متزوج(ة),مسؤول(ة),Borj louzir,
28/12/2017 21:58:16,موافق(ة),موافق(ة),مش موافق(ة),مش موافق(ة),مش موافق(ة),موافق(ة),موافق(ة) برشا,موافق(ة),مش موافق(ة),مش موافق(ة),موافق(ة),مش موافق(ة),موافق(ة),موافق(ة),موافق(ة),موافق(ة),يهمني برشا شكون نختار,كيف كيف  مع شوية اختلاف,يهمني شكون نختار,يهمني,مجلس بلدي جديد,مجلس بلدي جديد,مجلس بلدي جديد,مجلس بلدي جديد,موافق(ة),مش موافق(ة),مش موافق(ة) بالكل,موافق(ة) برشا,لاموافق(ة) لا مش موافق(ة),موافق(ة),موافق(ة) برشا,موافق(ة),18-24,أنثى,الجامعي,اكثر من 1200,عازب(ة),طالب(ة),Ariana,
28/12/2017 22:03:24,موافق(ة),موافق(ة),مش موافق(ة),مش موافق(ة),مش موافق(ة),موافق(ة),موافق(ة) برشا,موافق(ة),مش موافق(ة),موافق(ة),موافق(ة),مش موافق(ة),موافق(ة),موافق(ة),موافق(ة),موافق(ة),يهمني برشا شكون نختار,كيف كيف  مع شوية اختلاف,يهمني شكون نختار,يهمني,مجلس بلدي جديد,مجلس بلدي جديد,مجلس بلدي جديد,مجلس بلدي جديد,موافق(ة),مش موافق(ة),مش موافق(ة) بالكل,موافق(ة) برشا,لاموافق(ة) لا مش موافق(ة),موافق(ة),موافق(ة) برشا,موافق(ة),18-24,أنثى,الجامعي,اكثر من 1200,عازب(ة),طالب(ة),Ariana,
29/12/2017 00:31:15,موافق(ة) برشا,موافق(ة) برشا,لاموافق(ة) لا مش موافق(ة),موافق(ة) برشا,موافق(ة) برشا,لا موافق(ة) لا مش موافق(ة),لاٍموافق(ة) لا مش موافق(ة),موافق(ة),مش موافق(ة),موافق(ة),موافق(ة),مش موافق(ة),لا موافق(ة) لا مش موافق(ة),لاٍموافق(ة) لا مش موافق(ة),لاٍموافق(ة) لا مش موافق(ة),لا موافق(ة) لا مش موافق(ة),يهمني برشا شكون نختار,مختلفين على بعضهم,يهمني برشا شكون نختار,مايهمنيش جملة,مجلس بلدي جديد,مجلس بلدي جديد,مجلس بلدي جديد,مجلس بلدي جديد,موافق(ة) برشا,لا موافق(ة) لا مش موافق(ة),موافق(ة) برشا,لا موافق(ة) لا مش موافق(ة),موافق(ة) برشا,لاموافق(ة) لا مش موافق(ة),موافق(ة) برشا,موافق(ة) برشا,18-24,ذكر,ثانوي,بين 600 و1200,عازب(ة),طالب(ة),القيروان الجنوبية,
29/12/2017 11:57:17,موافق(ة),موافق(ة),لاموافق(ة) لا مش موافق(ة),موافق(ة),موافق(ة),لا موافق(ة) لا مش موافق(ة),موافق(ة) برشا,موافق(ة),لاموافق(ة) لا مش موافق(ة),موافق(ة),موافق(ة),لا موافق(ة) لا مش موافق(ة),لا موافق(ة) لا مش موافق(ة),لاٍموافق(ة) لا مش موافق(ة),لاٍموافق(ة) لا مش موافق(ة),لا موافق(ة) لا مش موافق(ة),يهمني شكون نختار,كيف كيف  مع شوية اختلاف,يهمني شكون نختار,يهمني,مجلس بلدي جديد,مجلس بلدي جديد,مجلس بلدي جديد,مجلس بلدي جديد,مش موافق(ة),لا موافق(ة) لا مش موافق(ة),موافق(ة),موافق(ة),مش موافق(ة) بالكل,لاموافق(ة) لا مش موافق(ة),موافق(ة),موافق(ة),18-24,أنثى,الجامعي,بين 600 و1200,عازب(ة),طالب(ة),Ben arous,
29/12/2017 12:00:22,موافق(ة),موافق(ة),لاموافق(ة) لا مش موافق(ة),موافق(ة),موافق(ة),لا موافق(ة) لا مش موافق(ة),لاٍموافق(ة) لا مش موافق(ة),لاموافق(ة) لا مش موافق(ة),موافق(ة),لا موافق(ة) لا مش موافق(ة),لاموافق(ة) لا مش موافق(ة),موافق(ة),لا موافق(ة) لا مش موافق(ة),موافق(ة),موافق(ة),موافق(ة),يهمني برشا شكون نختار,مختلفين على بعضهم مع شوية تشابه,يهمني برشا شكون نختار,يهمني,مجلس بلدي جديد,مجلس بلدي جديد,مجلس بلدي جديد,مجلس بلدي جديد,موافق(ة),لا موافق(ة) لا مش موافق(ة),موافق(ة) برشا,موافق(ة),موافق(ة),موافق(ة),موافق(ة),موافق(ة) برشا,25-34,أنثى,الجامعي,اكثر من 1200,عازب(ة),طالب(ة),بلدية بومهل البساتين,
29/12/2017 12:46:47,لاموافق(ة) لا مش موافق(ة),موافق(ة),مش موافق(ة),مش موافق(ة),لاموافق(ة) لا مش موافق(ة),موافق(ة),موافق(ة),موافق(ة),مش موافق(ة) بالكل,موافق(ة),موافق(ة),مش موافق(ة) بالكل,لا موافق(ة) لا مش موافق(ة),موافق(ة),لاٍموافق(ة) لا مش موافق(ة),موافق(ة),يهمني برشا شكون نختار,كيف كيف,يهمني شكون نختار,يهمني,مجلس بلدي جديد,مجلس بلدي جديد,مجلس بلدي جديد,مجلس بلدي جديد,موافق(ة) برشا,موافق(ة) برشا,موافق(ة) برشا,موافق(ة),موافق(ة),لاموافق(ة) لا مش موافق(ة),لا موافق(ة) لا مش موافق(ة),موافق(ة),18-24,أنثى,الجامعي,بين 600 و1200,عازب(ة),موظف(ة) إداري(ة),Ariana,
29/12/2017 14:10:09,موافق(ة),موافق(ة),لاموافق(ة) لا مش موافق(ة),موافق(ة),موافق(ة),لا موافق(ة) لا مش موافق(ة),موافق(ة),موافق(ة),لاموافق(ة) لا مش موافق(ة),موافق(ة),موافق(ة),لا موافق(ة) لا مش موافق(ة),لا موافق(ة) لا مش موافق(ة),لاٍموافق(ة) لا مش موافق(ة),لاٍموافق(ة) لا مش موافق(ة),لا موافق(ة) لا مش موافق(ة),لا يهمني لا ميهمنيش شكون نختار,ما عنديش راى,لا يهمني لا ميهمنيش شكون نختار,لا يهمني لا ميهمنيش,مجلس بلدي جديد,مجلس بلدي جديد,مجلس بلدي جديد,مجلس بلدي جديد,لاموافق(ة) لا مش موافق(ة),لا موافق(ة) لا مش موافق(ة),موافق(ة),لا موافق(ة) لا مش موافق(ة),لاموافق(ة) لا مش موافق(ة),لاموافق(ة) لا مش موافق(ة),لا موافق(ة) لا مش موافق(ة),لا موافق(ة) لا مش موافق(ة),25-34,أنثى,الجامعي,أقل من 600,عازب(ة),في الدّار (أب أو أم),اريانة,
29/12/2017 14:13:46,مش موافق(ة),موافق(ة),موافق(ة),لاموافق(ة) لا مش موافق(ة),لاموافق(ة) لا مش موافق(ة),لا موافق(ة) لا مش موافق(ة),موافق(ة) برشا,موافق(ة) برشا,مش موافق(ة),موافق(ة),موافق(ة),مش موافق(ة),موافق(ة) برشا,موافق(ة),موافق(ة),موافق(ة) برشا,يهمني برشا شكون نختار,مختلفين على بعضهم مع شوية تشابه,يهمني برشا شكون نختار,يهمني,مجلس بلدي جديد,مجلس بلدي جديد,مجلس بلدي جديد,مجلس بلدي جديد,موافق(ة) برشا,موافق(ة),موافق(ة),موافق(ة) برشا,مش موافق(ة),موافق(ة),موافق(ة) برشا,موافق(ة),45-54,ذكر,الجامعي,بين 600 و1200,متزوج(ة),موظف(ة) إداري(ة),Boumhal,
29/12/2017 14:22:21,موافق(ة),موافق(ة),لاموافق(ة) لا مش موافق(ة),موافق(ة),موافق(ة),لا موافق(ة) لا مش موافق(ة),موافق(ة),لاموافق(ة) لا مش موافق(ة),لاموافق(ة) لا مش موافق(ة),موافق(ة),موافق(ة),لا موافق(ة) لا مش موافق(ة),موافق(ة),موافق(ة),موافق(ة),موافق(ة),يهمني برشا شكون نختار,مختلفين على بعضهم مع شوية تشابه,يهمني برشا شكون نختار,يهمني,مجلس بلدي جديد,مجلس بلدي جديد,مجلس بلدي جديد,مجلس بلدي جديد,موافق(ة),موافق(ة),موافق(ة),موافق(ة),موافق(ة),موافق(ة),موافق(ة),موافق(ة),25-34,أنثى,الدراسات العليا,بين 600 و1200,عازب(ة),طالب(ة),Ezzouhour,
29/12/2017 17:52:53,موافق(ة),موافق(ة),لاموافق(ة) لا مش موافق(ة),موافق(ة) برشا,موافق(ة) برشا,لا موافق(ة) لا مش موافق(ة),موافق(ة),موافق(ة),لاموافق(ة) لا مش موافق(ة),موافق(ة) برشا,موافق(ة),لا موافق(ة) لا مش موافق(ة),لا موافق(ة) لا مش موافق(ة),لاٍموافق(ة) لا مش موافق(ة),موافق(ة),لا موافق(ة) لا مش موافق(ة),يهمني برشا شكون نختار,مختلفين على بعضهم مع شوية تشابه,يهمني شكون نختار,يهمني,مجلس بلدي جديد,مجلس بلدي جديد,مجلس بلدي جديد,مجلس بلدي جديد,موافق(ة),موافق(ة),موافق(ة),موافق(ة),موافق(ة),موافق(ة),موافق(ة),موافق(ة),45-54,أنثى,الدراسات العليا,اكثر من 1200,متزوج(ة),موظف(ة) إداري(ة),Elmourouj,
29/12/2017 20:04:20,موافق(ة),موافق(ة),لاموافق(ة) لا مش موافق(ة),موافق(ة),موافق(ة) برشا,لا موافق(ة) لا مش موافق(ة),لاٍموافق(ة) لا مش موافق(ة),لاموافق(ة) لا مش موافق(ة),موافق(ة),لا موافق(ة) لا مش موافق(ة),لاموافق(ة) لا مش موافق(ة),لا موافق(ة) لا مش موافق(ة),لا موافق(ة) لا مش موافق(ة),لاٍموافق(ة) لا مش موافق(ة),لاٍموافق(ة) لا مش موافق(ة),لا موافق(ة) لا مش موافق(ة),لا يهمني لا ميهمنيش شكون نختار,مختلفين على بعضهم مع شوية تشابه,لا يهمني لا ميهمنيش شكون نختار,لا يهمني لا ميهمنيش,مجلس بلدي جديد,مجلس بلدي جديد,مجلس بلدي جديد,مجلس بلدي جديد,موافق(ة),لا موافق(ة) لا مش موافق(ة),موافق(ة),موافق(ة),لاموافق(ة) لا مش موافق(ة),لاموافق(ة) لا مش موافق(ة),لا موافق(ة) لا مش موافق(ة),لا موافق(ة) لا مش موافق(ة),25-34,ذكر,الجامعي,بين 600 و1200,عازب(ة),موظف(ة) إداري(ة),beni khalled,
29/12/2017 23:21:45,لاموافق(ة) لا مش موافق(ة),لاموافق(ة) لا مش موافق(ة),لاموافق(ة) لا مش موافق(ة),لاموافق(ة) لا مش موافق(ة),لاموافق(ة) لا مش موافق(ة),لا موافق(ة) لا مش موافق(ة),مش موافق(ة),مش موافق(ة),لاموافق(ة) لا مش موافق(ة),لا موافق(ة) لا مش موافق(ة),لاموافق(ة) لا مش موافق(ة),لا موافق(ة) لا مش موافق(ة),لا موافق(ة) لا مش موافق(ة),لاٍموافق(ة) لا مش موافق(ة),لاٍموافق(ة) لا مش موافق(ة),لا موافق(ة) لا مش موافق(ة),لا يهمني لا ميهمنيش شكون نختار,ما عنديش راى,لا يهمني لا ميهمنيش شكون نختار,لا يهمني لا ميهمنيش,,مجلس بلدي جديد,مجلس بلدي جديد,مجلس بلدي جديد,لاموافق(ة) لا مش موافق(ة),لا موافق(ة) لا مش موافق(ة),لاموافق(ة) لا مش موافق(ة),لا موافق(ة) لا مش موافق(ة),موافق(ة),لاموافق(ة) لا مش موافق(ة),لا موافق(ة) لا مش موافق(ة),لا موافق(ة) لا مش موافق(ة),18-24,أنثى,الجامعي,اكثر من 1200,عازب(ة),طالب(ة),مرناق,
30/12/2017 07:15:35,لاموافق(ة) لا مش موافق(ة),مش موافق(ة),لاموافق(ة) لا مش موافق(ة),لاموافق(ة) لا مش موافق(ة),لاموافق(ة) لا مش موافق(ة),لا موافق(ة) لا مش موافق(ة),لاٍموافق(ة) لا مش موافق(ة),لاموافق(ة) لا مش موافق(ة),لاموافق(ة) لا مش موافق(ة),لا موافق(ة) لا مش موافق(ة),لاموافق(ة) لا مش موافق(ة),لا موافق(ة) لا مش موافق(ة),لا موافق(ة) لا مش موافق(ة),لاٍموافق(ة) لا مش موافق(ة),لاٍموافق(ة) لا مش موافق(ة),لا موافق(ة) لا مش موافق(ة),يهمني شكون نختار,مختلفين على بعضهم,يهمني شكون نختار,يهمني برشا,مجلس بلدي جديد,مجلس بلدي جديد,مجلس بلدي جديد,مجلس بلدي جديد,لاموافق(ة) لا مش موافق(ة),موافق(ة),موافق(ة),لا موافق(ة) لا مش موافق(ة),موافق(ة) برشا,موافق(ة),موافق(ة),موافق(ة),55-64,ذكر,الجامعي,اكثر من 1200,متزوج(ة),متقاعد(ة),Kabaria,
30/12/2017 09:33:53,موافق(ة),موافق(ة),لاموافق(ة) لا مش موافق(ة),موافق(ة),موافق(ة),لا موافق(ة) لا مش موافق(ة),موافق(ة),موافق(ة),لاموافق(ة) لا مش موافق(ة),موافق(ة) برشا,موافق(ة),لا موافق(ة) لا مش موافق(ة),لا موافق(ة) لا مش موافق(ة),لاٍموافق(ة) لا مش موافق(ة),لاٍموافق(ة) لا مش موافق(ة),لا موافق(ة) لا مش موافق(ة),يهمني برشا شكون نختار,مختلفين على بعضهم,يهمني برشا شكون نختار,يهمني برشا,مجلس بلدي جديد,مجلس بلدي جديد,مجلس بلدي جديد,مجلس بلدي جديد,موافق(ة) برشا,موافق(ة) برشا,موافق(ة),موافق(ة),موافق(ة),موافق(ة),موافق(ة),موافق(ة),18-24,ذكر,الجامعي,اكثر من 1200,عازب(ة),طالب(ة),نابل,
30/12/2017 09:36:44,لاموافق(ة) لا مش موافق(ة),لاموافق(ة) لا مش موافق(ة),لاموافق(ة) لا مش موافق(ة),لاموافق(ة) لا مش موافق(ة),لاموافق(ة) لا مش موافق(ة),لا موافق(ة) لا مش موافق(ة),موافق(ة),موافق(ة),لاموافق(ة) لا مش موافق(ة),موافق(ة),لاموافق(ة) لا مش موافق(ة),لا موافق(ة) لا مش موافق(ة),لا موافق(ة) لا مش موافق(ة),لاٍموافق(ة) لا مش موافق(ة),مش موافق(ة),لا موافق(ة) لا مش موافق(ة),مايهمنيش شكون نختار,مختلفين على بعضهم مع شوية تشابه,لا يهمني لا ميهمنيش شكون نختار,لا يهمني لا ميهمنيش,مجلس بلدي جديد,مجلس بلدي جديد,مجلس بلدي جديد,مجلس بلدي جديد,موافق(ة) برشا,موافق(ة) برشا,موافق(ة) برشا,مش موافق(ة) بالكل,موافق(ة) برشا,مش موافق(ة) بالكل,مانيش موافق(ة) جملة,مانيش موافق(ة) جملة,25-34,ذكر,الجامعي,اكثر من 1200,عازب(ة),مسؤول(ة),Neant,
30/12/2017 10:45:01,موافق(ة),موافق(ة),لاموافق(ة) لا مش موافق(ة),موافق(ة),موافق(ة),لا موافق(ة) لا مش موافق(ة),موافق(ة),موافق(ة),مش موافق(ة),موافق(ة),موافق(ة),مش موافق(ة),مش موافق(ة),موافق(ة),مش موافق(ة),مش موافق(ة),يهمني شكون نختار,مختلفين على بعضهم مع شوية تشابه,يهمني شكون نختار,يهمني,مجلس بلدي جديد,مجلس بلدي جديد,مجلس بلدي جديد,مجلس بلدي جديد,لاموافق(ة) لا مش موافق(ة),لا موافق(ة) لا مش موافق(ة),موافق(ة) برشا,مش موافق(ة),موافق(ة),لاموافق(ة) لا مش موافق(ة),موافق(ة),موافق(ة),18-24,ذكر,الدراسات العليا,اكثر من 1200,عازب(ة),طالب(ة),المروج,
30/12/2017 12:07:25,لاموافق(ة) لا مش موافق(ة),لاموافق(ة) لا مش موافق(ة),لاموافق(ة) لا مش موافق(ة),لاموافق(ة) لا مش موافق(ة),لاموافق(ة) لا مش موافق(ة),موافق(ة),مش موافق(ة),لاموافق(ة) لا مش موافق(ة),لاموافق(ة) لا مش موافق(ة),مش موافق(ة),لاموافق(ة) لا مش موافق(ة),مش موافق(ة),لا موافق(ة) لا مش موافق(ة),موافق(ة),موافق(ة),موافق(ة),يهمني برشا شكون نختار,كيف كيف,يهمني برشا شكون نختار,يهمني برشا,مجلس بلدي جديد,مجلس بلدي جديد,مجلس بلدي جديد,مجلس بلدي جديد,موافق(ة) برشا,لا موافق(ة) لا مش موافق(ة),مش موافق(ة) بالكل,لا موافق(ة) لا مش موافق(ة),موافق(ة),موافق(ة),موافق(ة) برشا,لا موافق(ة) لا مش موافق(ة),25-34,أنثى,الدراسات العليا,بين 600 و1200,متزوج(ة),طالب(ة),Monastir,
30/12/2017 14:18:44,موافق(ة),موافق(ة) برشا,مش موافق(ة),موافق(ة) برشا,موافق(ة),مش موافق(ة),موافق(ة),موافق(ة),موافق(ة),موافق(ة),موافق(ة),موافق(ة),مش موافق(ة) بالكل,مش موافق(ة) بالكل,مش موافق(ة) بالكل,مش موافق(ة),يهمني برشا شكون نختار,مختلفين على بعضهم مع شوية تشابه,يهمني برشا شكون نختار,يهمني برشا,مجلس بلدي جديد,مجلس بلدي جديد,مجلس بلدي جديد,مجلس بلدي جديد,موافق(ة),لا موافق(ة) لا مش موافق(ة),موافق(ة),مش موافق(ة),موافق(ة),موافق(ة),موافق(ة),لا موافق(ة) لا مش موافق(ة),45-54,ذكر,الدراسات العليا,اكثر من 1200,متزوج(ة),مسؤول(ة),soliman,
30/12/2017 14:26:26,موافق(ة) برشا,لاموافق(ة) لا مش موافق(ة),مش موافق(ة) بالكل,لاموافق(ة) لا مش موافق(ة),لاموافق(ة) لا مش موافق(ة),لا موافق(ة) لا مش موافق(ة),موافق(ة) برشا,موافق(ة) برشا,مش موافق(ة),مش موافق(ة) بالكل,لاموافق(ة) لا مش موافق(ة),لا موافق(ة) لا مش موافق(ة),موافق(ة) برشا,موافق(ة) برشا,موافق(ة) برشا,موافق(ة) برشا,يهمني برشا شكون نختار,مختلفين على بعضهم,يهمني برشا شكون نختار,يهمني برشا,مجلس بلدي جديد,مجلس بلدي جديد,مجلس بلدي جديد,مجلس بلدي جديد,موافق(ة) برشا,موافق(ة) برشا,موافق(ة) برشا,موافق(ة) برشا,موافق(ة) برشا,موافق(ة) برشا,موافق(ة) برشا,موافق(ة) برشا,25-34,أنثى,الدراسات العليا,بين 600 و1200,عازب(ة),طالب(ة),Ben arous,
30/12/2017 14:33:56,موافق(ة) برشا,موافق(ة) برشا,مش موافق(ة),موافق(ة),موافق(ة),مش موافق(ة),مش موافق(ة),موافق(ة),مش موافق(ة),موافق(ة),موافق(ة),لا موافق(ة) لا مش موافق(ة),موافق(ة) برشا,موافق(ة) برشا,لاٍموافق(ة) لا مش موافق(ة),لا موافق(ة) لا مش موافق(ة),يهمني برشا شكون نختار,مختلفين على بعضهم,يهمني برشا شكون نختار,يهمني برشا,مجلس بلدي جديد,مجلس بلدي جديد,مجلس بلدي جديد,مجلس بلدي جديد,موافق(ة),موافق(ة),موافق(ة),مش موافق(ة),موافق(ة),موافق(ة),موافق(ة),موافق(ة),45-54,أنثى,الدراسات العليا,اكثر من 1200,متزوج(ة),موظف(ة) إداري(ة),Soliman,
30/12/2017 16:18:57,لاموافق(ة) لا مش موافق(ة),موافق(ة),موافق(ة),موافق(ة),لاموافق(ة) لا مش موافق(ة),موافق(ة) برشا,موافق(ة),لاموافق(ة) لا مش موافق(ة),موافق(ة) برشا,موافق(ة) برشا,لاموافق(ة) لا مش موافق(ة),موافق(ة) برشا,موافق(ة) برشا,موافق(ة),لاٍموافق(ة) لا مش موافق(ة),لا موافق(ة) لا مش موافق(ة),يهمني برشا شكون نختار,مختلفين على بعضهم,يهمني برشا شكون نختار,يهمني برشا,المجلس البلدي الحالي,المجلس البلدي الحالي,مجلس بلدي جديد,المجلس البلدي الحالي,موافق(ة) برشا,موافق(ة),موافق(ة) برشا,موافق(ة),موافق(ة),موافق(ة) برشا,موافق(ة) برشا,موافق(ة),18-24,أنثى,الجامعي,بين 600 و1200,عازب(ة),طالب(ة),Bouarada,
30/12/2017 16:24:06,موافق(ة),موافق(ة),لاموافق(ة) لا مش موافق(ة),لاموافق(ة) لا مش موافق(ة),موافق(ة),موافق(ة),لاٍموافق(ة) لا مش موافق(ة),موافق(ة),موافق(ة),موافق(ة),موافق(ة) برشا,موافق(ة),لا موافق(ة) لا مش موافق(ة),موافق(ة),موافق(ة),لا موافق(ة) لا مش موافق(ة),يهمني برشا شكون نختار,مختلفين على بعضهم مع شوية تشابه,يهمني شكون نختار,يهمني برشا,مجلس بلدي جديد,مجلس بلدي جديد,مجلس بلدي جديد,مجلس بلدي جديد,موافق(ة),موافق(ة),موافق(ة),لا موافق(ة) لا مش موافق(ة),لاموافق(ة) لا مش موافق(ة),موافق(ة),موافق(ة),موافق(ة),18-24,أنثى,الجامعي,اكثر من 1200,عازب(ة),طالب(ة),La marsa ,
30/12/2017 18:25:20,موافق(ة) برشا,موافق(ة) برشا,لاموافق(ة) لا مش موافق(ة),موافق(ة) برشا,موافق(ة) برشا,لا موافق(ة) لا مش موافق(ة),موافق(ة) برشا,موافق(ة) برشا,لاموافق(ة) لا مش موافق(ة),موافق(ة) برشا,موافق(ة) برشا,لا موافق(ة) لا مش موافق(ة),لا موافق(ة) لا مش موافق(ة),لاٍموافق(ة) لا مش موافق(ة),لاٍموافق(ة) لا مش موافق(ة),لا موافق(ة) لا مش موافق(ة),يهمني برشا شكون نختار,ما عنديش راى,يهمني برشا شكون نختار,يهمني,مجلس بلدي جديد,مجلس بلدي جديد,مجلس بلدي جديد,مجلس بلدي جديد,موافق(ة),موافق(ة),موافق(ة),لا موافق(ة) لا مش موافق(ة),لاموافق(ة) لا مش موافق(ة),موافق(ة),موافق(ة),موافق(ة),18-24,أنثى,الجامعي,بين 600 و1200,عازب(ة),طالب(ة),بلدية باجة ,
31/12/2017 00:07:33,موافق(ة),موافق(ة) برشا,لاموافق(ة) لا مش موافق(ة),لاموافق(ة) لا مش موافق(ة),لاموافق(ة) لا مش موافق(ة),موافق(ة),موافق(ة) برشا,موافق(ة) برشا,لاموافق(ة) لا مش موافق(ة),موافق(ة) برشا,موافق(ة) برشا,لا موافق(ة) لا مش موافق(ة),لا موافق(ة) لا مش موافق(ة),لاٍموافق(ة) لا مش موافق(ة),لاٍموافق(ة) لا مش موافق(ة),لا موافق(ة) لا مش موافق(ة),يهمني برشا شكون نختار,مختلفين على بعضهم,يهمني برشا شكون نختار,يهمني برشا,مجلس بلدي جديد,مجلس بلدي جديد,مجلس بلدي جديد,مجلس بلدي جديد,لاموافق(ة) لا مش موافق(ة),لا موافق(ة) لا مش موافق(ة),موافق(ة) برشا,موافق(ة),موافق(ة) برشا,لاموافق(ة) لا مش موافق(ة),لا موافق(ة) لا مش موافق(ة),لا موافق(ة) لا مش موافق(ة),18-24,أنثى,الدراسات العليا,اكثر من 1200,عازب(ة),طالب(ة),Beja,
31/12/2017 00:35:47,موافق(ة),موافق(ة),لاموافق(ة) لا مش موافق(ة),موافق(ة),موافق(ة),لا موافق(ة) لا مش موافق(ة),موافق(ة),موافق(ة),لاموافق(ة) لا مش موافق(ة),موافق(ة),موافق(ة),لا موافق(ة) لا مش موافق(ة),لا موافق(ة) لا مش موافق(ة),لاٍموافق(ة) لا مش موافق(ة),لاٍموافق(ة) لا مش موافق(ة),لا موافق(ة) لا مش موافق(ة),يهمني برشا شكون نختار,مختلفين على بعضهم مع شوية تشابه,يهمني برشا شكون نختار,يهمني برشا,مجلس بلدي جديد,مجلس بلدي جديد,مجلس بلدي جديد,مجلس بلدي جديد,موافق(ة) برشا,لا موافق(ة) لا مش موافق(ة),موافق(ة) برشا,موافق(ة) برشا,موافق(ة) برشا,لاموافق(ة) لا مش موافق(ة),لا موافق(ة) لا مش موافق(ة),لا موافق(ة) لا مش موافق(ة),25-34,أنثى,الجامعي,بين 600 و1200,عازب(ة),بطّال(ة),kram,
31/12/2017 01:09:34,موافق(ة),موافق(ة),لاموافق(ة) لا مش موافق(ة),موافق(ة) برشا,لاموافق(ة) لا مش موافق(ة),لا موافق(ة) لا مش موافق(ة),موافق(ة) برشا,موافق(ة) برشا,لاموافق(ة) لا مش موافق(ة),موافق(ة),موافق(ة),موافق(ة),لا موافق(ة) لا مش موافق(ة),لاٍموافق(ة) لا مش موافق(ة),لاٍموافق(ة) لا مش موافق(ة),لا موافق(ة) لا مش موافق(ة),يهمني شكون نختار,ما عنديش راى,يهمني شكون نختار,يهمني,مجلس بلدي جديد,مجلس بلدي جديد,مجلس بلدي جديد,مجلس بلدي جديد,لاموافق(ة) لا مش موافق(ة),لا موافق(ة) لا مش موافق(ة),موافق(ة),موافق(ة),لاموافق(ة) لا مش موافق(ة),موافق(ة),موافق(ة),موافق(ة),18-24,أنثى,الجامعي,اكثر من 1200,عازب(ة),طالب(ة),Ariana,
06/01/2018 16:25:35,موافق(ة) برشا,موافق(ة) برشا,مش موافق(ة) بالكل,موافق(ة) برشا,موافق(ة) برشا,مش موافق(ة) بالكل,موافق(ة) برشا,موافق(ة) برشا,مش موافق(ة) بالكل,موافق(ة) برشا,موافق(ة) برشا,مش موافق(ة) بالكل,مش موافق(ة) بالكل,مش موافق(ة) بالكل,مش موافق(ة) بالكل,مش موافق(ة) بالكل,يهمني برشا شكون نختار,مختلفين على بعضهم,يهمني برشا شكون نختار,يهمني برشا,مجلس بلدي جديد,مجلس بلدي جديد,مجلس بلدي جديد,مجلس بلدي جديد,مش موافق(ة) بالكل,مش موافق(ة) بالكل,موافق(ة),موافق(ة),مش موافق(ة),لاموافق(ة) لا مش موافق(ة),لا موافق(ة) لا مش موافق(ة),لا موافق(ة) لا مش موافق(ة),25-34,أنثى,الدراسات العليا,اكثر من 1200,متزوج(ة),مسؤول(ة),La Soukra,
07/01/2018 14:40:49,لاموافق(ة) لا مش موافق(ة),لاموافق(ة) لا مش موافق(ة),موافق(ة),لاموافق(ة) لا مش موافق(ة),لاموافق(ة) لا مش موافق(ة),موافق(ة),موافق(ة),موافق(ة),لاموافق(ة) لا مش موافق(ة),موافق(ة),موافق(ة),لا موافق(ة) لا مش موافق(ة),لا موافق(ة) لا مش موافق(ة),لاٍموافق(ة) لا مش موافق(ة),لاٍموافق(ة) لا مش موافق(ة),لا موافق(ة) لا مش موافق(ة),يهمني برشا شكون نختار,مختلفين على بعضهم مع شوية تشابه,يهمني برشا شكون نختار,يهمني برشا,مجلس بلدي جديد,مجلس بلدي جديد,مجلس بلدي جديد,مجلس بلدي جديد,موافق(ة),لا موافق(ة) لا مش موافق(ة),لاموافق(ة) لا مش موافق(ة),موافق(ة),موافق(ة),موافق(ة),موافق(ة),موافق(ة),18-24,أنثى,الجامعي,اكثر من 1200,عازب(ة),مسؤول(ة),Minaret elhammamet,